envelope_id,status,email_subject,sender_name,sender_email,created_time,sent_time,completed_time,template_id
env_0000,delivered,Document 0,Aaron Garcia,aaron.garcia@Finthesiss.ai,2026-01-26T20:35:30Z,2026-07-08T19:20:30Z,,tmpl_0003
env_0001,sent,Document 1,Aaron Garcia,aaron.garcia@Finthesiss.ai,2026-04-29T10:38:28Z,2026-06-03T21:25:56Z,,tmpl_0000
env_0002,delivered,Document 2,Aaron Garcia,aaron.garcia@Finthesiss.ai,2026-05-07T13:02:43Z,2026-07-03T17:45:37Z,,tmpl_0003
env_0003,created,Document 3,Aaron Garcia,aaron.garcia@Finthesiss.ai,2026-01-18T23:02:31Z,2026-09-27T08:14:54Z,,tmpl_0006
env_0004,sent,Document 4,Aaron Garcia,aaron.garcia@Finthesiss.ai,2026-01-23T02:36:49Z,2026-04-01T23:04:30Z,,tmpl_0003
env_0005,created,Document 5,Aaron Garcia,aaron.garcia@Finthesiss.ai,2026-07-15T00:11:55Z,2026-04-02T21:28:59Z,,tmpl_0003
env_0006,created,Document 6,Aaron Garcia,aaron.garcia@Finthesiss.ai,2026-05-22T20:43:01Z,2026-09-17T09:04:45Z,,tmpl_0001
env_0007,sent,Document 7,Aaron Garcia,aaron.garcia@Finthesiss.ai,2026-06-06T18:38:24Z,2026-01-25T10:32:58Z,,tmpl_0008
env_0008,delivered,Document 8,Aaron Garcia,aaron.garcia@Finthesiss.ai,2026-06-05T06:46:29Z,2026-02-12T21:04:03Z,,tmpl_0007
env_0009,completed,Document 9,Aaron Garcia,aaron.garcia@Finthesiss.ai,2026-06-04T18:34:03Z,2026-02-27T18:10:54Z,,tmpl_0009
env_0010,completed,Document 10,Aaron Garcia,aaron.garcia@Finthesiss.ai,2026-05-30T00:34:36Z,2026-08-05T20:07:47Z,,tmpl_0003
env_0011,created,Document 11,Aaron Garcia,aaron.garcia@Finthesiss.ai,2026-05-06T21:56:45Z,2026-03-08T17:15:36Z,,tmpl_0001
env_0012,created,Document 12,Aaron Garcia,aaron.garcia@Finthesiss.ai,2026-09-30T07:14:19Z,2026-07-02T20:53:48Z,,tmpl_0009
env_0013,completed,Document 13,Aaron Garcia,aaron.garcia@Finthesiss.ai,2026-10-04T11:10:22Z,2026-09-11T23:34:50Z,,tmpl_0007
env_0014,created,Document 14,Aaron Garcia,aaron.garcia@Finthesiss.ai,2026-09-07T06:38:53Z,2026-04-02T21:10:33Z,,tmpl_0008
env_0015,sent,Document 15,Aaron Garcia,aaron.garcia@Finthesiss.ai,2026-07-12T03:43:32Z,2026-03-31T15:59:53Z,,tmpl_0000
env_0016,sent,Document 16,Aaron Garcia,aaron.garcia@Finthesiss.ai,2026-09-15T03:16:05Z,2026-07-02T07:26:31Z,,tmpl_0002
env_0017,created,Document 17,Aaron Garcia,aaron.garcia@Finthesiss.ai,2026-06-14T06:01:41Z,2026-10-07T06:26:42Z,,tmpl_0006
env_0018,completed,Document 18,Aaron Garcia,aaron.garcia@Finthesiss.ai,2026-05-31T21:03:22Z,2026-05-05T04:47:35Z,,tmpl_0003
env_0019,created,Document 19,Aaron Garcia,aaron.garcia@Finthesiss.ai,2026-05-02T11:29:19Z,2026-10-05T15:43:25Z,,tmpl_0003
env_0020,completed,Document 20,Aaron Garcia,aaron.garcia@Finthesiss.ai,2026-08-07T04:47:20Z,2026-07-16T14:28:35Z,,tmpl_0010
env_0021,completed,Document 21,Aaron Garcia,aaron.garcia@Finthesiss.ai,2026-02-05T11:34:15Z,2026-02-08T15:15:42Z,,tmpl_0005
env_0022,delivered,Document 22,Aaron Garcia,aaron.garcia@Finthesiss.ai,2026-06-15T02:06:20Z,2026-03-07T09:57:04Z,,tmpl_0009
env_0023,delivered,Document 23,Aaron Garcia,aaron.garcia@Finthesiss.ai,2026-01-09T16:13:52Z,2026-06-27T10:16:19Z,,tmpl_0006
env_0024,delivered,Document 24,Aaron Garcia,aaron.garcia@Finthesiss.ai,2026-06-14T08:40:31Z,2026-07-28T02:54:18Z,,tmpl_0000
env_0025,sent,Document 25,Aaron Garcia,aaron.garcia@Finthesiss.ai,2026-03-27T09:51:26Z,2026-01-22T19:03:17Z,,tmpl_0009
env_0026,created,Document 26,Aaron Garcia,aaron.garcia@Finthesiss.ai,2026-04-30T15:00:18Z,2026-05-03T11:11:06Z,,tmpl_0010
env_0027,sent,Document 27,Aaron Garcia,aaron.garcia@Finthesiss.ai,2026-03-22T18:32:11Z,2026-09-06T11:10:06Z,,tmpl_0005
env_0028,created,Document 28,Aaron Garcia,aaron.garcia@Finthesiss.ai,2026-01-30T23:22:26Z,2026-05-22T01:15:27Z,,tmpl_0004
env_0029,delivered,Document 29,Aaron Garcia,aaron.garcia@Finthesiss.ai,2026-07-15T22:20:28Z,2026-03-21T12:51:11Z,,tmpl_0008
env_0030,completed,Document 30,Aaron Garcia,aaron.garcia@Finthesiss.ai,2026-08-16T21:04:19Z,2026-04-28T21:26:19Z,,tmpl_0007
env_0031,completed,Document 31,Aaron Garcia,aaron.garcia@Finthesiss.ai,2026-04-11T04:28:53Z,2026-04-27T08:54:31Z,,tmpl_0005
env_0032,delivered,Document 32,Aaron Garcia,aaron.garcia@Finthesiss.ai,2026-01-27T22:53:04Z,2026-03-13T18:40:58Z,,tmpl_0009
env_0033,completed,Document 33,Aaron Garcia,aaron.garcia@Finthesiss.ai,2026-09-23T06:03:04Z,2026-05-01T15:33:20Z,,tmpl_0001
env_0034,sent,Document 34,Aaron Garcia,aaron.garcia@Finthesiss.ai,2026-10-11T22:55:34Z,2026-10-02T05:41:10Z,,tmpl_0002
env_0035,delivered,Document 35,Aaron Garcia,aaron.garcia@Finthesiss.ai,2026-06-05T16:20:26Z,2026-05-12T05:10:56Z,,tmpl_0002
env_0036,created,Document 36,Aaron Garcia,aaron.garcia@Finthesiss.ai,2026-06-02T20:11:16Z,2026-03-13T01:41:38Z,,tmpl_0000
env_0037,delivered,Document 37,Aaron Garcia,aaron.garcia@Finthesiss.ai,2026-03-30T13:13:52Z,2026-05-26T05:52:14Z,,tmpl_0009
env_0038,completed,Document 38,Aaron Garcia,aaron.garcia@Finthesiss.ai,2026-09-23T09:28:29Z,2026-02-21T20:25:13Z,,tmpl_0000
env_0039,delivered,Document 39,Aaron Garcia,aaron.garcia@Finthesiss.ai,2026-01-12T18:19:48Z,2026-06-08T17:44:24Z,,tmpl_0006
env_0040,delivered,Document 40,Aaron Garcia,aaron.garcia@Finthesiss.ai,2026-05-23T08:47:17Z,2026-07-31T04:29:34Z,,tmpl_0005
env_0041,completed,Document 41,Aaron Garcia,aaron.garcia@Finthesiss.ai,2026-08-29T03:47:47Z,2026-05-12T03:01:33Z,,tmpl_0006
env_0042,created,Document 42,Aaron Garcia,aaron.garcia@Finthesiss.ai,2026-09-04T09:38:38Z,2026-07-13T00:08:37Z,,tmpl_0006
env_0043,completed,Document 43,Aaron Garcia,aaron.garcia@Finthesiss.ai,2026-09-06T04:44:37Z,2026-07-26T06:49:11Z,,tmpl_0005
env_0044,created,Document 44,Aaron Garcia,aaron.garcia@Finthesiss.ai,2026-03-21T02:53:38Z,2026-03-28T07:05:14Z,,tmpl_0006
env_0045,completed,Document 45,Aaron Garcia,aaron.garcia@Finthesiss.ai,2026-01-04T18:02:04Z,2026-09-18T14:21:45Z,,tmpl_0005
env_0046,completed,Document 46,Aaron Garcia,aaron.garcia@Finthesiss.ai,2026-05-05T01:37:36Z,2026-03-23T23:22:52Z,,tmpl_0008
env_0047,delivered,Document 47,Aaron Garcia,aaron.garcia@Finthesiss.ai,2026-02-23T05:25:18Z,2026-03-08T03:48:01Z,,tmpl_0009
env_0048,completed,Document 48,Aaron Garcia,aaron.garcia@Finthesiss.ai,2026-04-09T08:44:25Z,2026-03-30T01:40:24Z,,tmpl_0009
env_0049,delivered,Document 49,Aaron Garcia,aaron.garcia@Finthesiss.ai,2026-06-01T16:59:54Z,2026-07-13T04:39:19Z,,tmpl_0001
env_0050,sent,Document 50,Aaron Garcia,aaron.garcia@Finthesiss.ai,2026-08-10T02:32:53Z,2026-04-13T16:39:12Z,,tmpl_0002
env_0051,sent,Document 51,Aaron Garcia,aaron.garcia@Finthesiss.ai,2026-04-08T12:04:06Z,2026-08-06T16:53:45Z,,tmpl_0003
env_0052,delivered,Document 52,Aaron Garcia,aaron.garcia@Finthesiss.ai,2026-01-05T23:15:19Z,2026-03-21T13:04:50Z,,tmpl_0001
env_0053,sent,Document 53,Aaron Garcia,aaron.garcia@Finthesiss.ai,2026-04-04T07:58:10Z,2026-01-19T06:34:55Z,,tmpl_0008
env_0054,sent,Document 54,Aaron Garcia,aaron.garcia@Finthesiss.ai,2026-05-27T14:20:27Z,2026-07-19T23:02:44Z,,tmpl_0008
env_0055,delivered,Document 55,Aaron Garcia,aaron.garcia@Finthesiss.ai,2026-06-14T17:50:43Z,2026-08-02T13:53:30Z,,tmpl_0002
env_0056,delivered,Document 56,Aaron Garcia,aaron.garcia@Finthesiss.ai,2026-09-13T03:13:50Z,2026-02-22T23:48:33Z,,tmpl_0005
env_0057,delivered,Document 57,Aaron Garcia,aaron.garcia@Finthesiss.ai,2026-09-14T09:57:22Z,2026-06-04T09:00:05Z,,tmpl_0007
env_0058,sent,Document 58,Aaron Garcia,aaron.garcia@Finthesiss.ai,2026-04-04T11:39:26Z,2026-06-23T00:56:16Z,,tmpl_0008
env_0059,delivered,Document 59,Aaron Garcia,aaron.garcia@Finthesiss.ai,2026-01-21T08:38:37Z,2026-10-02T19:02:00Z,,tmpl_0010
env_0060,sent,Document 60,Aaron Garcia,aaron.garcia@Finthesiss.ai,2026-01-12T02:44:34Z,2026-02-27T02:49:45Z,,tmpl_0009
env_0061,created,Document 61,Aaron Garcia,aaron.garcia@Finthesiss.ai,2026-05-15T18:22:48Z,2026-05-21T07:17:22Z,,tmpl_0008
env_0062,completed,Document 62,Aaron Garcia,aaron.garcia@Finthesiss.ai,2026-07-22T04:34:37Z,2026-02-01T00:14:52Z,,tmpl_0010
env_0063,completed,Document 63,Aaron Garcia,aaron.garcia@Finthesiss.ai,2026-10-06T04:15:58Z,2026-05-24T10:45:01Z,,tmpl_0010
env_0064,completed,Document 64,Aaron Garcia,aaron.garcia@Finthesiss.ai,2026-08-30T17:23:15Z,2026-02-07T13:58:16Z,,tmpl_0008
env_0065,delivered,Document 65,Aaron Garcia,aaron.garcia@Finthesiss.ai,2026-07-13T17:42:54Z,2026-10-14T12:57:04Z,,tmpl_0001
env_0066,created,Document 66,Aaron Garcia,aaron.garcia@Finthesiss.ai,2026-02-03T22:21:46Z,2026-05-09T11:23:36Z,,tmpl_0007
env_0067,sent,Document 67,Aaron Garcia,aaron.garcia@Finthesiss.ai,2026-07-05T18:55:17Z,2026-04-27T07:41:50Z,,tmpl_0008
env_0068,sent,Document 68,Aaron Garcia,aaron.garcia@Finthesiss.ai,2026-04-27T06:49:56Z,2026-06-12T05:48:54Z,,tmpl_0006
env_0069,sent,Document 69,Aaron Garcia,aaron.garcia@Finthesiss.ai,2026-03-12T11:09:21Z,2026-01-22T16:49:08Z,,tmpl_0004
env_0070,delivered,Document 70,Aaron Garcia,aaron.garcia@Finthesiss.ai,2026-02-22T02:38:05Z,2026-10-08T04:04:23Z,,tmpl_0005
env_0071,completed,Document 71,Aaron Garcia,aaron.garcia@Finthesiss.ai,2026-01-09T22:33:21Z,2026-04-29T19:51:49Z,,tmpl_0005
env_0072,sent,Document 72,Aaron Garcia,aaron.garcia@Finthesiss.ai,2026-10-14T01:16:25Z,2026-02-10T05:43:30Z,,tmpl_0003
env_0073,delivered,Document 73,Aaron Garcia,aaron.garcia@Finthesiss.ai,2026-06-15T20:32:26Z,2026-04-30T17:24:14Z,,tmpl_0007
env_0074,sent,Document 74,Aaron Garcia,aaron.garcia@Finthesiss.ai,2026-01-10T13:54:09Z,2026-06-19T11:15:52Z,,tmpl_0005
env_0075,created,Document 75,Aaron Garcia,aaron.garcia@Finthesiss.ai,2026-07-31T06:14:07Z,2026-04-21T00:52:27Z,,tmpl_0003
env_0076,delivered,Document 76,Aaron Garcia,aaron.garcia@Finthesiss.ai,2026-08-16T05:27:33Z,2026-04-14T10:12:18Z,,tmpl_0000
env_0077,completed,Document 77,Aaron Garcia,aaron.garcia@Finthesiss.ai,2026-01-19T10:32:00Z,2026-08-02T21:08:43Z,,tmpl_0003
env_0078,sent,Document 78,Aaron Garcia,aaron.garcia@Finthesiss.ai,2026-09-30T15:56:55Z,2026-10-07T01:43:22Z,,tmpl_0000
env_0079,sent,Document 79,Aaron Garcia,aaron.garcia@Finthesiss.ai,2026-03-26T13:29:19Z,2026-01-07T20:56:40Z,,tmpl_0001
env_0080,delivered,Document 80,Aaron Garcia,aaron.garcia@Finthesiss.ai,2026-09-24T03:31:17Z,2026-01-04T08:50:50Z,,tmpl_0004
env_0081,created,Document 81,Aaron Garcia,aaron.garcia@Finthesiss.ai,2026-07-02T02:46:06Z,2026-02-22T03:23:03Z,,tmpl_0007
env_0082,created,Document 82,Aaron Garcia,aaron.garcia@Finthesiss.ai,2026-01-24T17:04:55Z,2026-08-09T16:22:20Z,,tmpl_0003
env_0083,completed,Document 83,Aaron Garcia,aaron.garcia@Finthesiss.ai,2026-07-10T13:19:24Z,2026-10-07T21:10:37Z,,tmpl_0003
env_0084,created,Document 84,Aaron Garcia,aaron.garcia@Finthesiss.ai,2026-01-06T18:07:53Z,2026-04-20T11:39:28Z,,tmpl_0005
env_0085,delivered,Document 85,Aaron Garcia,aaron.garcia@Finthesiss.ai,2026-07-20T08:35:34Z,2026-10-11T15:22:10Z,,tmpl_0003
env_0086,completed,Document 86,Aaron Garcia,aaron.garcia@Finthesiss.ai,2026-07-01T16:12:08Z,2026-03-10T08:29:19Z,,tmpl_0002
env_0087,sent,Document 87,Aaron Garcia,aaron.garcia@Finthesiss.ai,2026-02-05T01:39:24Z,2026-02-28T14:38:45Z,,tmpl_0007
env_0088,completed,Document 88,Aaron Garcia,aaron.garcia@Finthesiss.ai,2026-07-08T11:13:51Z,2026-06-13T18:04:30Z,,tmpl_0000
env_0089,sent,Document 89,Aaron Garcia,aaron.garcia@Finthesiss.ai,2026-01-22T20:24:19Z,2026-05-31T15:57:03Z,,tmpl_0009
env_0090,delivered,Document 90,Aaron Garcia,aaron.garcia@Finthesiss.ai,2026-01-18T00:07:21Z,2026-06-27T23:50:50Z,,tmpl_0000
env_0091,delivered,Document 91,Aaron Garcia,aaron.garcia@Finthesiss.ai,2026-04-25T00:53:28Z,2026-03-10T11:07:41Z,,tmpl_0000
env_0092,completed,Document 92,Aaron Garcia,aaron.garcia@Finthesiss.ai,2026-08-10T06:25:18Z,2026-02-24T05:39:22Z,,tmpl_0006
env_0093,created,Document 93,Aaron Garcia,aaron.garcia@Finthesiss.ai,2026-03-13T16:33:41Z,2026-09-30T18:33:04Z,,tmpl_0000
env_0094,created,Document 94,Aaron Garcia,aaron.garcia@Finthesiss.ai,2026-02-04T08:51:19Z,2026-03-30T04:28:56Z,,tmpl_0009
env_0095,sent,Document 95,Aaron Garcia,aaron.garcia@Finthesiss.ai,2026-02-03T22:14:13Z,2026-03-06T15:05:19Z,,tmpl_0004
env_0096,sent,Document 96,Aaron Garcia,aaron.garcia@Finthesiss.ai,2026-07-25T01:06:22Z,2026-01-16T06:00:53Z,,tmpl_0002
env_0097,created,Document 97,Aaron Garcia,aaron.garcia@Finthesiss.ai,2026-01-07T14:03:55Z,2026-05-09T05:30:38Z,,tmpl_0001
env_0098,delivered,Document 98,Aaron Garcia,aaron.garcia@Finthesiss.ai,2026-06-10T23:33:57Z,2026-04-18T15:37:45Z,,tmpl_0009
env_0099,sent,Document 99,Aaron Garcia,aaron.garcia@Finthesiss.ai,2026-03-16T15:21:55Z,2026-06-27T04:02:28Z,,tmpl_0010
env_0100,sent,Document 100,Aaron Garcia,aaron.garcia@Finthesiss.ai,2026-03-03T18:11:10Z,2026-05-23T16:04:20Z,,tmpl_0005
env_0101,created,Document 101,Aaron Garcia,aaron.garcia@Finthesiss.ai,2026-10-06T18:20:06Z,2026-03-09T09:47:35Z,,tmpl_0002
env_0102,sent,Document 102,Aaron Garcia,aaron.garcia@Finthesiss.ai,2026-06-11T07:25:41Z,2026-09-30T10:35:46Z,,tmpl_0002
env_0103,sent,Document 103,Aaron Garcia,aaron.garcia@Finthesiss.ai,2026-03-24T16:11:52Z,2026-08-04T00:57:38Z,,tmpl_0002
env_0104,delivered,Document 104,Aaron Garcia,aaron.garcia@Finthesiss.ai,2026-10-01T08:45:57Z,2026-06-22T04:48:06Z,,tmpl_0010
env_0105,completed,Document 105,Aaron Garcia,aaron.garcia@Finthesiss.ai,2026-05-07T08:14:02Z,2026-08-21T21:44:45Z,,tmpl_0006
env_0106,sent,Document 106,Aaron Garcia,aaron.garcia@Finthesiss.ai,2026-02-08T10:00:49Z,2026-07-05T11:48:31Z,,tmpl_0005
env_0107,completed,Document 107,Aaron Garcia,aaron.garcia@Finthesiss.ai,2026-07-29T17:11:44Z,2026-05-12T01:19:37Z,,tmpl_0008
env_0108,sent,Document 108,Aaron Garcia,aaron.garcia@Finthesiss.ai,2026-04-06T09:18:51Z,2026-04-29T11:40:39Z,,tmpl_0002
env_0109,completed,Document 109,Aaron Garcia,aaron.garcia@Finthesiss.ai,2026-02-02T20:03:04Z,2026-09-24T20:31:28Z,,tmpl_0002
env_0110,sent,Document 110,Aaron Garcia,aaron.garcia@Finthesiss.ai,2026-03-25T02:05:08Z,2026-05-12T23:02:53Z,,tmpl_0005
env_0111,delivered,Document 111,Aaron Garcia,aaron.garcia@Finthesiss.ai,2026-06-16T00:43:38Z,2026-01-31T16:50:19Z,,tmpl_0004
env_0112,created,Document 112,Aaron Garcia,aaron.garcia@Finthesiss.ai,2026-02-23T17:53:23Z,2026-04-22T00:17:05Z,,tmpl_0002
env_0113,created,Document 113,Aaron Garcia,aaron.garcia@Finthesiss.ai,2026-03-27T18:13:49Z,2026-07-31T10:53:07Z,,tmpl_0010
env_0114,delivered,Document 114,Aaron Garcia,aaron.garcia@Finthesiss.ai,2026-04-06T09:34:40Z,2026-07-12T14:17:37Z,,tmpl_0000
env_0115,sent,Document 115,Aaron Garcia,aaron.garcia@Finthesiss.ai,2026-03-16T23:00:01Z,2026-01-29T07:58:10Z,,tmpl_0006
env_0116,sent,Document 116,Aaron Garcia,aaron.garcia@Finthesiss.ai,2026-06-19T23:43:46Z,2026-03-01T13:42:26Z,,tmpl_0005
env_0117,created,Document 117,Aaron Garcia,aaron.garcia@Finthesiss.ai,2026-08-14T15:38:01Z,2026-01-29T01:31:09Z,,tmpl_0001
env_0118,completed,Document 118,Aaron Garcia,aaron.garcia@Finthesiss.ai,2026-07-12T12:08:38Z,2026-02-15T08:37:55Z,,tmpl_0002
env_0119,completed,Document 119,Aaron Garcia,aaron.garcia@Finthesiss.ai,2026-04-19T03:02:26Z,2026-09-20T04:37:01Z,,tmpl_0008
