id,first_name,last_name,email,phone,company,title,source,created_at
cand-1041,Priya,Anand,priya.anand@example.com,614-555-5238,Prior Clinic,Physical Therapist,Referral,2026-09-15
cand-1055,Marcus,Bell,marcus.bell@example.com,614-555-2475,Prior Clinic,Physical Therapist,Referral,2026-09-15
cand-1062,Dana,Cho,dana.cho@example.com,614-555-5146,Prior Clinic,Physical Therapist,LinkedIn,2026-09-15
cand-1078,Evan,Diaz,evan.diaz@example.com,614-555-6713,Prior Clinic,Physical Therapist,LinkedIn,2026-09-15
cand-1090,Grace,Fox,grace.fox@example.com,614-555-4917,Prior Clinic,Physical Therapist,Careers,2026-09-15
cand-2000,Priya,Diaz,priya.diaz0@example.com,614-555-7106,Hospital B,Physical Therapist,LinkedIn,2026-09-12
cand-2001,Marcus,Park,marcus.park1@example.com,614-555-0741,Practice C,Physical Therapist,Careers,2026-09-25
cand-2002,Dana,Stone,dana.stone2@example.com,614-555-4974,Practice C,Physical Therapist,Referral,2026-09-11
cand-2003,Evan,Anand,evan.anand3@example.com,614-555-2160,Hospital B,Physical Therapist,Referral,2026-09-21
cand-2004,Grace,Vela,grace.vela4@example.com,614-555-8543,Practice C,Physical Therapist,Careers,2026-09-26
cand-2005,Nadia,Lin,nadia.lin5@example.com,614-555-5102,Practice C,Physical Therapist,LinkedIn,2026-09-24
cand-2006,Sam,Wolfe,sam.wolfe6@example.com,614-555-2548,Clinic A,Physical Therapist,Referral,2026-09-09
cand-2007,Tomas,Fox,tomas.fox7@example.com,614-555-5353,Practice C,Physical Therapist,Agency,2026-09-24
cand-2008,Wendy,Nair,wendy.nair8@example.com,614-555-6717,Clinic A,Physical Therapist,Referral,2026-09-12
cand-2009,Omar,Reed,omar.reed9@example.com,614-555-9590,Practice C,Physical Therapist,Referral,2026-09-25
cand-2010,Lena,Bell,lena.bell10@example.com,614-555-9934,Clinic A,Physical Therapist,Careers,2026-09-20
cand-2011,Ravi,Ash,ravi.ash11@example.com,614-555-5609,Practice C,Physical Therapist,LinkedIn,2026-09-25
cand-2012,Aisha,Webb,aisha.webb12@example.com,614-555-1488,Clinic A,Physical Therapist,LinkedIn,2026-09-06
cand-2013,Diego,Quinn,diego.quinn13@example.com,614-555-0260,Practice C,Physical Therapist,Referral,2026-09-25
cand-2014,Mei,Osei,mei.osei14@example.com,614-555-7296,Hospital B,Physical Therapist,Referral,2026-09-04
cand-2015,Noah,Bello,noah.bello15@example.com,614-555-8512,Clinic A,Physical Therapist,Agency,2026-09-28
cand-2016,Zoe,Frost,zoe.frost16@example.com,614-555-4110,Hospital B,Physical Therapist,Agency,2026-09-16
cand-2017,Caleb,Cho,caleb.cho17@example.com,614-555-8196,Practice C,Physical Therapist,Agency,2026-09-10
cand-2018,Ivy,Khan,ivy.khan18@example.com,614-555-0320,Clinic A,Physical Therapist,Careers,2026-09-04
cand-2019,Jonah,Hart,jonah.hart19@example.com,614-555-1235,Practice C,Physical Therapist,Agency,2026-09-06
cand-2020,Kira,Rhodes,kira.rhodes20@example.com,614-555-4064,Hospital B,Physical Therapist,LinkedIn,2026-09-12
cand-2021,Leo,Reyes,leo.reyes21@example.com,614-555-8842,Clinic A,Physical Therapist,Referral,2026-09-11
cand-2022,Maya,Cruz,maya.cruz22@example.com,614-555-0701,Clinic A,Physical Therapist,Referral,2026-09-05
cand-2023,Nolan,Vance,nolan.vance23@example.com,614-555-5531,Clinic A,Physical Therapist,LinkedIn,2026-09-19
cand-2024,Priya,Diaz,priya.diaz24@example.com,614-555-0468,Practice C,Physical Therapist,Agency,2026-09-16
cand-2025,Marcus,Park,marcus.park25@example.com,614-555-0044,Clinic A,Physical Therapist,Referral,2026-09-10
cand-2026,Dana,Stone,dana.stone26@example.com,614-555-2224,Practice C,Physical Therapist,Referral,2026-09-04
cand-2027,Evan,Anand,evan.anand27@example.com,614-555-8172,Practice C,Physical Therapist,Referral,2026-09-27
cand-2028,Grace,Vela,grace.vela28@example.com,614-555-0590,Practice C,Physical Therapist,Careers,2026-09-10
cand-2029,Nadia,Lin,nadia.lin29@example.com,614-555-6079,Clinic A,Physical Therapist,Careers,2026-09-14
cand-2030,Sam,Wolfe,sam.wolfe30@example.com,614-555-7615,Clinic A,Physical Therapist,LinkedIn,2026-09-17
cand-2031,Tomas,Fox,tomas.fox31@example.com,614-555-5914,Hospital B,Physical Therapist,Careers,2026-09-01
cand-2032,Wendy,Nair,wendy.nair32@example.com,614-555-9967,Clinic A,Physical Therapist,Agency,2026-09-15
cand-2033,Omar,Reed,omar.reed33@example.com,614-555-4879,Hospital B,Physical Therapist,Referral,2026-09-03
cand-2034,Lena,Bell,lena.bell34@example.com,614-555-6842,Clinic A,Physical Therapist,LinkedIn,2026-09-16
cand-2035,Ravi,Ash,ravi.ash35@example.com,614-555-6122,Practice C,Physical Therapist,Careers,2026-09-24
cand-2036,Aisha,Webb,aisha.webb36@example.com,614-555-6254,Clinic A,Physical Therapist,Referral,2026-09-19
cand-2037,Diego,Quinn,diego.quinn37@example.com,614-555-2418,Practice C,Physical Therapist,LinkedIn,2026-09-28
cand-2038,Mei,Osei,mei.osei38@example.com,614-555-9009,Clinic A,Physical Therapist,LinkedIn,2026-09-05
cand-2039,Noah,Bello,noah.bello39@example.com,614-555-0705,Hospital B,Physical Therapist,LinkedIn,2026-09-21
cand-2040,Zoe,Frost,zoe.frost40@example.com,614-555-5916,Clinic A,Physical Therapist,Careers,2026-09-05
cand-2041,Caleb,Cho,caleb.cho41@example.com,614-555-5596,Hospital B,Physical Therapist,Careers,2026-09-27
cand-2042,Ivy,Khan,ivy.khan42@example.com,614-555-5078,Clinic A,Physical Therapist,LinkedIn,2026-09-04
cand-2043,Jonah,Hart,jonah.hart43@example.com,614-555-3588,Clinic A,Physical Therapist,Agency,2026-09-25
cand-2044,Kira,Rhodes,kira.rhodes44@example.com,614-555-5114,Clinic A,Physical Therapist,Careers,2026-09-18
cand-2045,Leo,Reyes,leo.reyes45@example.com,614-555-2343,Hospital B,Physical Therapist,LinkedIn,2026-09-08
cand-2046,Maya,Cruz,maya.cruz46@example.com,614-555-6911,Hospital B,Physical Therapist,Agency,2026-09-21
cand-2047,Nolan,Vance,nolan.vance47@example.com,614-555-5234,Clinic A,Physical Therapist,Agency,2026-09-14
cand-2048,Priya,Diaz,priya.diaz48@example.com,614-555-0372,Clinic A,Physical Therapist,Agency,2026-09-02
cand-2049,Marcus,Park,marcus.park49@example.com,614-555-3251,Clinic A,Physical Therapist,Careers,2026-09-26
cand-2050,Dana,Stone,dana.stone50@example.com,614-555-1669,Practice C,Physical Therapist,LinkedIn,2026-09-26
cand-2051,Evan,Anand,evan.anand51@example.com,614-555-0141,Practice C,Physical Therapist,LinkedIn,2026-09-09
cand-2052,Grace,Vela,grace.vela52@example.com,614-555-0583,Practice C,Physical Therapist,Referral,2026-09-23
cand-2053,Nadia,Lin,nadia.lin53@example.com,614-555-7160,Practice C,Physical Therapist,Agency,2026-09-07
cand-2054,Sam,Wolfe,sam.wolfe54@example.com,614-555-4118,Clinic A,Physical Therapist,LinkedIn,2026-09-16
cand-2055,Tomas,Fox,tomas.fox55@example.com,614-555-6626,Clinic A,Physical Therapist,LinkedIn,2026-09-07
cand-2056,Wendy,Nair,wendy.nair56@example.com,614-555-1396,Hospital B,Physical Therapist,Referral,2026-09-14
cand-2057,Omar,Reed,omar.reed57@example.com,614-555-3245,Hospital B,Physical Therapist,Careers,2026-09-08
cand-2058,Lena,Bell,lena.bell58@example.com,614-555-3405,Hospital B,Physical Therapist,LinkedIn,2026-09-02
cand-2059,Ravi,Ash,ravi.ash59@example.com,614-555-2255,Hospital B,Physical Therapist,Referral,2026-09-08
cand-2060,Aisha,Webb,aisha.webb60@example.com,614-555-0190,Hospital B,Physical Therapist,LinkedIn,2026-09-26
cand-2061,Diego,Quinn,diego.quinn61@example.com,614-555-4916,Practice C,Physical Therapist,Agency,2026-09-26
cand-2062,Mei,Osei,mei.osei62@example.com,614-555-4414,Clinic A,Physical Therapist,Referral,2026-09-26
cand-2063,Noah,Bello,noah.bello63@example.com,614-555-8531,Practice C,Physical Therapist,Referral,2026-09-17
cand-2064,Zoe,Frost,zoe.frost64@example.com,614-555-4881,Hospital B,Physical Therapist,Careers,2026-09-20
cand-2065,Caleb,Cho,caleb.cho65@example.com,614-555-8014,Practice C,Physical Therapist,Agency,2026-09-24
cand-2066,Ivy,Khan,ivy.khan66@example.com,614-555-8635,Hospital B,Physical Therapist,LinkedIn,2026-09-10
cand-2067,Jonah,Hart,jonah.hart67@example.com,614-555-6021,Clinic A,Physical Therapist,LinkedIn,2026-09-02
cand-2068,Kira,Rhodes,kira.rhodes68@example.com,614-555-8701,Practice C,Physical Therapist,Agency,2026-09-21
cand-2069,Leo,Reyes,leo.reyes69@example.com,614-555-1717,Clinic A,Physical Therapist,LinkedIn,2026-09-06
cand-2070,Maya,Cruz,maya.cruz70@example.com,614-555-6235,Clinic A,Physical Therapist,LinkedIn,2026-09-01
cand-2071,Nolan,Vance,nolan.vance71@example.com,614-555-2797,Hospital B,Physical Therapist,LinkedIn,2026-09-02
cand-2072,Priya,Diaz,priya.diaz72@example.com,614-555-9549,Clinic A,Physical Therapist,LinkedIn,2026-09-19
cand-2073,Marcus,Park,marcus.park73@example.com,614-555-2694,Hospital B,Physical Therapist,Referral,2026-09-02
cand-2074,Dana,Stone,dana.stone74@example.com,614-555-1505,Hospital B,Physical Therapist,Referral,2026-09-10
cand-2075,Evan,Anand,evan.anand75@example.com,614-555-2408,Hospital B,Physical Therapist,Referral,2026-09-15
cand-2076,Grace,Vela,grace.vela76@example.com,614-555-8714,Practice C,Physical Therapist,LinkedIn,2026-09-18
cand-2077,Nadia,Lin,nadia.lin77@example.com,614-555-3608,Clinic A,Physical Therapist,Agency,2026-09-04
cand-2078,Sam,Wolfe,sam.wolfe78@example.com,614-555-2508,Hospital B,Physical Therapist,Agency,2026-09-23
cand-2079,Tomas,Fox,tomas.fox79@example.com,614-555-7626,Practice C,Physical Therapist,Referral,2026-09-07
cand-2080,Wendy,Nair,wendy.nair80@example.com,614-555-6331,Clinic A,Physical Therapist,LinkedIn,2026-09-27
cand-2081,Omar,Reed,omar.reed81@example.com,614-555-1513,Practice C,Physical Therapist,Agency,2026-09-27
cand-2082,Lena,Bell,lena.bell82@example.com,614-555-7733,Clinic A,Physical Therapist,Referral,2026-09-19
cand-2083,Ravi,Ash,ravi.ash83@example.com,614-555-5480,Hospital B,Physical Therapist,LinkedIn,2026-09-16
cand-2084,Aisha,Webb,aisha.webb84@example.com,614-555-3499,Clinic A,Physical Therapist,Careers,2026-09-17
cand-2085,Diego,Quinn,diego.quinn85@example.com,614-555-5876,Hospital B,Physical Therapist,Careers,2026-09-23
cand-2086,Mei,Osei,mei.osei86@example.com,614-555-5937,Clinic A,Physical Therapist,LinkedIn,2026-09-02
cand-2087,Noah,Bello,noah.bello87@example.com,614-555-4294,Practice C,Physical Therapist,Referral,2026-09-01
cand-2088,Zoe,Frost,zoe.frost88@example.com,614-555-1226,Hospital B,Physical Therapist,Careers,2026-09-13
cand-2089,Caleb,Cho,caleb.cho89@example.com,614-555-5218,Clinic A,Physical Therapist,Careers,2026-09-13
cand-2090,Ivy,Khan,ivy.khan90@example.com,614-555-0585,Practice C,Physical Therapist,Referral,2026-09-22
cand-2091,Jonah,Hart,jonah.hart91@example.com,614-555-2412,Hospital B,Physical Therapist,Agency,2026-09-15
cand-2092,Kira,Rhodes,kira.rhodes92@example.com,614-555-7366,Clinic A,Physical Therapist,LinkedIn,2026-09-08
cand-2093,Leo,Reyes,leo.reyes93@example.com,614-555-9799,Clinic A,Physical Therapist,Agency,2026-09-04
cand-2094,Maya,Cruz,maya.cruz94@example.com,614-555-5851,Clinic A,Physical Therapist,Referral,2026-09-09
cand-2095,Nolan,Vance,nolan.vance95@example.com,614-555-1812,Practice C,Physical Therapist,LinkedIn,2026-09-05
cand-2096,Priya,Diaz,priya.diaz96@example.com,614-555-2486,Hospital B,Physical Therapist,Referral,2026-09-01
cand-2097,Marcus,Park,marcus.park97@example.com,614-555-7791,Practice C,Physical Therapist,LinkedIn,2026-09-22
cand-2098,Dana,Stone,dana.stone98@example.com,614-555-0781,Practice C,Physical Therapist,Agency,2026-09-11
cand-2099,Evan,Anand,evan.anand99@example.com,614-555-4802,Clinic A,Physical Therapist,Referral,2026-09-24
cand-2100,Grace,Vela,grace.vela100@example.com,614-555-4354,Hospital B,Physical Therapist,Careers,2026-09-04
cand-2101,Nadia,Lin,nadia.lin101@example.com,614-555-3758,Hospital B,Physical Therapist,LinkedIn,2026-09-23
cand-2102,Sam,Wolfe,sam.wolfe102@example.com,614-555-6090,Clinic A,Physical Therapist,Agency,2026-09-25
cand-2103,Tomas,Fox,tomas.fox103@example.com,614-555-8630,Hospital B,Physical Therapist,Referral,2026-09-28
cand-2104,Wendy,Nair,wendy.nair104@example.com,614-555-5988,Clinic A,Physical Therapist,Careers,2026-09-20
cand-2105,Omar,Reed,omar.reed105@example.com,614-555-9863,Clinic A,Physical Therapist,LinkedIn,2026-09-03
cand-2106,Lena,Bell,lena.bell106@example.com,614-555-1658,Practice C,Physical Therapist,Agency,2026-09-04
cand-2107,Ravi,Ash,ravi.ash107@example.com,614-555-2594,Practice C,Physical Therapist,Referral,2026-09-27
cand-2108,Aisha,Webb,aisha.webb108@example.com,614-555-1228,Practice C,Physical Therapist,Referral,2026-09-26
cand-2109,Diego,Quinn,diego.quinn109@example.com,614-555-4488,Hospital B,Physical Therapist,LinkedIn,2026-09-10
cand-2110,Mei,Osei,mei.osei110@example.com,614-555-6838,Hospital B,Physical Therapist,Careers,2026-09-10
cand-2111,Noah,Bello,noah.bello111@example.com,614-555-6443,Hospital B,Physical Therapist,Agency,2026-09-28
cand-2112,Zoe,Frost,zoe.frost112@example.com,614-555-1871,Practice C,Physical Therapist,Careers,2026-09-26
cand-2113,Caleb,Cho,caleb.cho113@example.com,614-555-8552,Practice C,Physical Therapist,Referral,2026-09-04
cand-2114,Ivy,Khan,ivy.khan114@example.com,614-555-0377,Practice C,Physical Therapist,Referral,2026-09-11
cand-2115,Jonah,Hart,jonah.hart115@example.com,614-555-8830,Hospital B,Physical Therapist,LinkedIn,2026-09-27
cand-2116,Kira,Rhodes,kira.rhodes116@example.com,614-555-4622,Practice C,Physical Therapist,Referral,2026-09-13
cand-2117,Leo,Reyes,leo.reyes117@example.com,614-555-0368,Hospital B,Physical Therapist,Agency,2026-09-19
cand-2118,Maya,Cruz,maya.cruz118@example.com,614-555-6662,Practice C,Physical Therapist,Referral,2026-09-06
cand-2119,Nolan,Vance,nolan.vance119@example.com,614-555-4729,Clinic A,Physical Therapist,LinkedIn,2026-09-18
cand-2120,Priya,Diaz,priya.diaz120@example.com,614-555-7554,Practice C,Physical Therapist,Referral,2026-09-24
cand-2121,Marcus,Park,marcus.park121@example.com,614-555-4979,Hospital B,Physical Therapist,Agency,2026-09-10
cand-2122,Dana,Stone,dana.stone122@example.com,614-555-9595,Clinic A,Physical Therapist,Agency,2026-09-09
cand-2123,Evan,Anand,evan.anand123@example.com,614-555-4738,Clinic A,Physical Therapist,LinkedIn,2026-09-20
cand-2124,Grace,Vela,grace.vela124@example.com,614-555-6662,Clinic A,Physical Therapist,LinkedIn,2026-09-21
cand-2125,Nadia,Lin,nadia.lin125@example.com,614-555-2265,Practice C,Physical Therapist,LinkedIn,2026-09-24
cand-2126,Sam,Wolfe,sam.wolfe126@example.com,614-555-1422,Practice C,Physical Therapist,LinkedIn,2026-09-01
cand-2127,Tomas,Fox,tomas.fox127@example.com,614-555-8533,Clinic A,Physical Therapist,LinkedIn,2026-09-18
cand-2128,Wendy,Nair,wendy.nair128@example.com,614-555-9673,Clinic A,Physical Therapist,Careers,2026-09-04
cand-2129,Omar,Reed,omar.reed129@example.com,614-555-9678,Clinic A,Physical Therapist,Careers,2026-09-17
cand-2130,Lena,Bell,lena.bell130@example.com,614-555-1908,Hospital B,Physical Therapist,Agency,2026-09-27
cand-2131,Ravi,Ash,ravi.ash131@example.com,614-555-9876,Clinic A,Physical Therapist,Agency,2026-09-11
cand-2132,Aisha,Webb,aisha.webb132@example.com,614-555-7896,Clinic A,Physical Therapist,LinkedIn,2026-09-28
cand-2133,Diego,Quinn,diego.quinn133@example.com,614-555-9912,Practice C,Physical Therapist,Referral,2026-09-06
cand-2134,Mei,Osei,mei.osei134@example.com,614-555-6666,Hospital B,Physical Therapist,Careers,2026-09-22
cand-2135,Noah,Bello,noah.bello135@example.com,614-555-9244,Clinic A,Physical Therapist,Agency,2026-09-08
cand-2136,Zoe,Frost,zoe.frost136@example.com,614-555-5070,Hospital B,Physical Therapist,Careers,2026-09-17
cand-2137,Caleb,Cho,caleb.cho137@example.com,614-555-1903,Clinic A,Physical Therapist,Referral,2026-09-16
cand-2138,Ivy,Khan,ivy.khan138@example.com,614-555-2939,Hospital B,Physical Therapist,LinkedIn,2026-09-21
cand-2139,Jonah,Hart,jonah.hart139@example.com,614-555-5633,Hospital B,Physical Therapist,LinkedIn,2026-09-05
cand-2140,Kira,Rhodes,kira.rhodes140@example.com,614-555-2235,Practice C,Physical Therapist,LinkedIn,2026-09-03
cand-2141,Leo,Reyes,leo.reyes141@example.com,614-555-9800,Clinic A,Physical Therapist,Referral,2026-09-20
cand-2142,Maya,Cruz,maya.cruz142@example.com,614-555-6923,Hospital B,Physical Therapist,LinkedIn,2026-09-16
cand-2143,Nolan,Vance,nolan.vance143@example.com,614-555-8482,Clinic A,Physical Therapist,Agency,2026-09-28
cand-2144,Priya,Diaz,priya.diaz144@example.com,614-555-6356,Practice C,Physical Therapist,LinkedIn,2026-09-22
cand-2145,Marcus,Park,marcus.park145@example.com,614-555-0376,Hospital B,Physical Therapist,Referral,2026-09-13
cand-2146,Dana,Stone,dana.stone146@example.com,614-555-9007,Clinic A,Physical Therapist,LinkedIn,2026-09-07
cand-2147,Evan,Anand,evan.anand147@example.com,614-555-4924,Clinic A,Physical Therapist,Careers,2026-09-01
cand-2148,Grace,Vela,grace.vela148@example.com,614-555-7727,Practice C,Physical Therapist,Careers,2026-09-08
cand-2149,Nadia,Lin,nadia.lin149@example.com,614-555-4025,Clinic A,Physical Therapist,Agency,2026-09-01
cand-2150,Sam,Wolfe,sam.wolfe150@example.com,614-555-6317,Practice C,Physical Therapist,Agency,2026-09-06
cand-2151,Tomas,Fox,tomas.fox151@example.com,614-555-2958,Practice C,Physical Therapist,Referral,2026-09-13
cand-2152,Wendy,Nair,wendy.nair152@example.com,614-555-7652,Clinic A,Physical Therapist,Careers,2026-09-01
cand-2153,Omar,Reed,omar.reed153@example.com,614-555-4389,Practice C,Physical Therapist,Careers,2026-09-16
cand-2154,Lena,Bell,lena.bell154@example.com,614-555-3927,Practice C,Physical Therapist,Careers,2026-09-14
cand-2155,Ravi,Ash,ravi.ash155@example.com,614-555-5705,Clinic A,Physical Therapist,Agency,2026-09-21
cand-2156,Aisha,Webb,aisha.webb156@example.com,614-555-4721,Hospital B,Physical Therapist,LinkedIn,2026-09-17
cand-2157,Diego,Quinn,diego.quinn157@example.com,614-555-9456,Practice C,Physical Therapist,Referral,2026-09-08
cand-2158,Mei,Osei,mei.osei158@example.com,614-555-2644,Practice C,Physical Therapist,Agency,2026-09-10
cand-2159,Noah,Bello,noah.bello159@example.com,614-555-3037,Clinic A,Physical Therapist,Referral,2026-09-27
cand-2160,Zoe,Frost,zoe.frost160@example.com,614-555-5178,Clinic A,Physical Therapist,LinkedIn,2026-09-28
cand-2161,Caleb,Cho,caleb.cho161@example.com,614-555-7293,Clinic A,Physical Therapist,LinkedIn,2026-09-13
cand-2162,Ivy,Khan,ivy.khan162@example.com,614-555-5341,Hospital B,Physical Therapist,Agency,2026-09-23
cand-2163,Jonah,Hart,jonah.hart163@example.com,614-555-9141,Clinic A,Physical Therapist,Referral,2026-09-19
cand-2164,Kira,Rhodes,kira.rhodes164@example.com,614-555-7850,Hospital B,Physical Therapist,LinkedIn,2026-09-14
cand-2165,Leo,Reyes,leo.reyes165@example.com,614-555-7644,Hospital B,Physical Therapist,Referral,2026-09-22
cand-2166,Maya,Cruz,maya.cruz166@example.com,614-555-0325,Clinic A,Physical Therapist,Referral,2026-09-26
cand-2167,Nolan,Vance,nolan.vance167@example.com,614-555-6325,Clinic A,Physical Therapist,LinkedIn,2026-09-07
cand-2168,Priya,Diaz,priya.diaz168@example.com,614-555-9690,Practice C,Physical Therapist,Careers,2026-09-08
cand-2169,Marcus,Park,marcus.park169@example.com,614-555-9096,Clinic A,Physical Therapist,Careers,2026-09-28
cand-2170,Dana,Stone,dana.stone170@example.com,614-555-1907,Practice C,Physical Therapist,Referral,2026-09-08
cand-2171,Evan,Anand,evan.anand171@example.com,614-555-2669,Hospital B,Physical Therapist,Referral,2026-09-09
cand-2172,Grace,Vela,grace.vela172@example.com,614-555-9745,Hospital B,Physical Therapist,Careers,2026-09-01
cand-2173,Nadia,Lin,nadia.lin173@example.com,614-555-4293,Hospital B,Physical Therapist,Careers,2026-09-04
cand-2174,Sam,Wolfe,sam.wolfe174@example.com,614-555-9197,Clinic A,Physical Therapist,LinkedIn,2026-09-12
cand-2175,Tomas,Fox,tomas.fox175@example.com,614-555-6650,Clinic A,Physical Therapist,Agency,2026-09-09
cand-2176,Wendy,Nair,wendy.nair176@example.com,614-555-6596,Hospital B,Physical Therapist,Referral,2026-09-06
cand-2177,Omar,Reed,omar.reed177@example.com,614-555-4578,Clinic A,Physical Therapist,LinkedIn,2026-09-01
cand-2178,Lena,Bell,lena.bell178@example.com,614-555-2915,Hospital B,Physical Therapist,Careers,2026-09-05
cand-2179,Ravi,Ash,ravi.ash179@example.com,614-555-3882,Practice C,Physical Therapist,LinkedIn,2026-09-22
cand-2180,Aisha,Webb,aisha.webb180@example.com,614-555-2339,Hospital B,Physical Therapist,LinkedIn,2026-09-12
cand-2181,Diego,Quinn,diego.quinn181@example.com,614-555-3737,Clinic A,Physical Therapist,LinkedIn,2026-09-10
cand-2182,Mei,Osei,mei.osei182@example.com,614-555-4887,Practice C,Physical Therapist,LinkedIn,2026-09-26
cand-2183,Noah,Bello,noah.bello183@example.com,614-555-1540,Practice C,Physical Therapist,Referral,2026-09-08
cand-2184,Zoe,Frost,zoe.frost184@example.com,614-555-9428,Clinic A,Physical Therapist,Careers,2026-09-22
cand-2185,Caleb,Cho,caleb.cho185@example.com,614-555-2419,Hospital B,Physical Therapist,Careers,2026-09-28
cand-2186,Ivy,Khan,ivy.khan186@example.com,614-555-9721,Hospital B,Physical Therapist,Agency,2026-09-03
cand-2187,Jonah,Hart,jonah.hart187@example.com,614-555-6856,Practice C,Physical Therapist,Careers,2026-09-11
cand-2188,Kira,Rhodes,kira.rhodes188@example.com,614-555-0262,Hospital B,Physical Therapist,Referral,2026-09-22
cand-2189,Leo,Reyes,leo.reyes189@example.com,614-555-8485,Clinic A,Physical Therapist,LinkedIn,2026-09-06
cand-2190,Maya,Cruz,maya.cruz190@example.com,614-555-6862,Clinic A,Physical Therapist,Agency,2026-09-11
cand-2191,Nolan,Vance,nolan.vance191@example.com,614-555-0869,Practice C,Physical Therapist,LinkedIn,2026-09-23
cand-2192,Priya,Diaz,priya.diaz192@example.com,614-555-6599,Clinic A,Physical Therapist,Agency,2026-09-18
cand-2193,Marcus,Park,marcus.park193@example.com,614-555-3611,Practice C,Physical Therapist,Careers,2026-09-14
cand-2194,Dana,Stone,dana.stone194@example.com,614-555-6809,Hospital B,Physical Therapist,LinkedIn,2026-09-28
cand-2195,Evan,Anand,evan.anand195@example.com,614-555-7314,Practice C,Physical Therapist,LinkedIn,2026-09-21
cand-2196,Grace,Vela,grace.vela196@example.com,614-555-7254,Hospital B,Physical Therapist,Agency,2026-09-08
cand-2197,Nadia,Lin,nadia.lin197@example.com,614-555-2456,Clinic A,Physical Therapist,Agency,2026-09-09
cand-2198,Sam,Wolfe,sam.wolfe198@example.com,614-555-9449,Practice C,Physical Therapist,Agency,2026-09-22
cand-2199,Tomas,Fox,tomas.fox199@example.com,614-555-8698,Practice C,Physical Therapist,LinkedIn,2026-09-22
cand-2200,Wendy,Nair,wendy.nair200@example.com,614-555-3885,Practice C,Physical Therapist,LinkedIn,2026-09-21
cand-2201,Omar,Reed,omar.reed201@example.com,614-555-4020,Practice C,Physical Therapist,LinkedIn,2026-09-05
cand-2202,Lena,Bell,lena.bell202@example.com,614-555-2482,Clinic A,Physical Therapist,Referral,2026-09-04
cand-2203,Ravi,Ash,ravi.ash203@example.com,614-555-9439,Practice C,Physical Therapist,LinkedIn,2026-09-05
cand-2204,Aisha,Webb,aisha.webb204@example.com,614-555-4789,Clinic A,Physical Therapist,Agency,2026-09-14
cand-2205,Diego,Quinn,diego.quinn205@example.com,614-555-8723,Practice C,Physical Therapist,LinkedIn,2026-09-07
cand-2206,Mei,Osei,mei.osei206@example.com,614-555-6043,Clinic A,Physical Therapist,Referral,2026-09-22
cand-2207,Noah,Bello,noah.bello207@example.com,614-555-1073,Clinic A,Physical Therapist,LinkedIn,2026-09-09
cand-2208,Zoe,Frost,zoe.frost208@example.com,614-555-6967,Hospital B,Physical Therapist,LinkedIn,2026-09-27
cand-2209,Caleb,Cho,caleb.cho209@example.com,614-555-4241,Clinic A,Physical Therapist,Referral,2026-09-20
cand-2210,Ivy,Khan,ivy.khan210@example.com,614-555-1875,Clinic A,Physical Therapist,Agency,2026-09-10
cand-2211,Jonah,Hart,jonah.hart211@example.com,614-555-1411,Hospital B,Physical Therapist,LinkedIn,2026-09-02
cand-2212,Kira,Rhodes,kira.rhodes212@example.com,614-555-6741,Clinic A,Physical Therapist,LinkedIn,2026-09-23
cand-2213,Leo,Reyes,leo.reyes213@example.com,614-555-3772,Hospital B,Physical Therapist,Careers,2026-09-06
cand-2214,Maya,Cruz,maya.cruz214@example.com,614-555-1583,Hospital B,Physical Therapist,Agency,2026-09-03
cand-2215,Nolan,Vance,nolan.vance215@example.com,614-555-3729,Clinic A,Physical Therapist,Careers,2026-09-19
cand-2216,Priya,Diaz,priya.diaz216@example.com,614-555-9469,Practice C,Physical Therapist,Referral,2026-09-16
cand-2217,Marcus,Park,marcus.park217@example.com,614-555-4892,Hospital B,Physical Therapist,Careers,2026-09-07
cand-2218,Dana,Stone,dana.stone218@example.com,614-555-3318,Practice C,Physical Therapist,Agency,2026-09-21
cand-2219,Evan,Anand,evan.anand219@example.com,614-555-1451,Hospital B,Physical Therapist,Agency,2026-09-01
cand-2220,Grace,Vela,grace.vela220@example.com,614-555-8685,Practice C,Physical Therapist,Referral,2026-09-21
cand-2221,Nadia,Lin,nadia.lin221@example.com,614-555-4274,Practice C,Physical Therapist,Agency,2026-09-04
cand-2222,Sam,Wolfe,sam.wolfe222@example.com,614-555-2951,Clinic A,Physical Therapist,Careers,2026-09-26
cand-2223,Tomas,Fox,tomas.fox223@example.com,614-555-5287,Hospital B,Physical Therapist,Referral,2026-09-16
cand-2224,Wendy,Nair,wendy.nair224@example.com,614-555-8211,Hospital B,Physical Therapist,Careers,2026-09-24
cand-2225,Omar,Reed,omar.reed225@example.com,614-555-0460,Practice C,Physical Therapist,Careers,2026-09-18
cand-2226,Lena,Bell,lena.bell226@example.com,614-555-0807,Practice C,Physical Therapist,Agency,2026-09-13
cand-2227,Ravi,Ash,ravi.ash227@example.com,614-555-0944,Clinic A,Physical Therapist,Careers,2026-09-21
cand-2228,Aisha,Webb,aisha.webb228@example.com,614-555-0309,Clinic A,Physical Therapist,Careers,2026-09-15
cand-2229,Diego,Quinn,diego.quinn229@example.com,614-555-4853,Practice C,Physical Therapist,Agency,2026-09-26
cand-2230,Mei,Osei,mei.osei230@example.com,614-555-8577,Practice C,Physical Therapist,Referral,2026-09-25
cand-2231,Noah,Bello,noah.bello231@example.com,614-555-1241,Practice C,Physical Therapist,LinkedIn,2026-09-20
cand-2232,Zoe,Frost,zoe.frost232@example.com,614-555-3157,Practice C,Physical Therapist,Agency,2026-09-13
cand-2233,Caleb,Cho,caleb.cho233@example.com,614-555-5764,Practice C,Physical Therapist,Agency,2026-09-10
cand-2234,Ivy,Khan,ivy.khan234@example.com,614-555-7259,Hospital B,Physical Therapist,LinkedIn,2026-09-15
cand-2235,Jonah,Hart,jonah.hart235@example.com,614-555-2468,Hospital B,Physical Therapist,LinkedIn,2026-09-06
cand-2236,Kira,Rhodes,kira.rhodes236@example.com,614-555-5421,Hospital B,Physical Therapist,Agency,2026-09-26
cand-2237,Leo,Reyes,leo.reyes237@example.com,614-555-2907,Hospital B,Physical Therapist,Referral,2026-09-05
cand-2238,Maya,Cruz,maya.cruz238@example.com,614-555-2900,Clinic A,Physical Therapist,Agency,2026-09-25
cand-2239,Nolan,Vance,nolan.vance239@example.com,614-555-9621,Practice C,Physical Therapist,Referral,2026-09-18
cand-2240,Priya,Diaz,priya.diaz240@example.com,614-555-2471,Practice C,Physical Therapist,Referral,2026-09-18
cand-2241,Marcus,Park,marcus.park241@example.com,614-555-1979,Clinic A,Physical Therapist,Agency,2026-09-13
cand-2242,Dana,Stone,dana.stone242@example.com,614-555-9363,Clinic A,Physical Therapist,Referral,2026-09-06
cand-2243,Evan,Anand,evan.anand243@example.com,614-555-3841,Hospital B,Physical Therapist,Referral,2026-09-17
cand-2244,Grace,Vela,grace.vela244@example.com,614-555-3296,Hospital B,Physical Therapist,Referral,2026-09-24
cand-2245,Nadia,Lin,nadia.lin245@example.com,614-555-5014,Hospital B,Physical Therapist,Careers,2026-09-14
cand-2246,Sam,Wolfe,sam.wolfe246@example.com,614-555-0511,Clinic A,Physical Therapist,LinkedIn,2026-09-17
cand-2247,Tomas,Fox,tomas.fox247@example.com,614-555-3895,Clinic A,Physical Therapist,Referral,2026-09-02
cand-2248,Wendy,Nair,wendy.nair248@example.com,614-555-5999,Clinic A,Physical Therapist,LinkedIn,2026-09-11
cand-2249,Omar,Reed,omar.reed249@example.com,614-555-1658,Practice C,Physical Therapist,Careers,2026-09-05
cand-2250,Lena,Bell,lena.bell250@example.com,614-555-7502,Hospital B,Physical Therapist,Agency,2026-09-15
cand-2251,Ravi,Ash,ravi.ash251@example.com,614-555-6166,Hospital B,Physical Therapist,Agency,2026-09-03
cand-2252,Aisha,Webb,aisha.webb252@example.com,614-555-5161,Hospital B,Physical Therapist,LinkedIn,2026-09-04
cand-2253,Diego,Quinn,diego.quinn253@example.com,614-555-9887,Clinic A,Physical Therapist,Careers,2026-09-24
cand-2254,Mei,Osei,mei.osei254@example.com,614-555-3033,Practice C,Physical Therapist,Referral,2026-09-09
cand-2255,Aria,Bello,aria.bello255@example.com,614-555-2210,Practice C,Physical Therapist,Referral,2026-09-11
cand-2256,Noah,Frost,noah.frost256@example.com,614-555-4471,Clinic A,Physical Therapist,Careers,2026-09-15
cand-2257,Lena,Marsh,lena.marsh257@example.com,614-555-8890,Practice B,Occupational Therapist,LinkedIn,2026-09-18
cand-2258,Omar,Reyes,omar.reyes258@example.com,614-555-1120,Clinic B,Physical Therapist,Referral,2026-09-21
cand-2259,Priya,Nair,priya.nair259@example.com,614-555-6642,Practice A,Speech Therapist,Careers,2026-09-23
cand-2260,Silas,Wren,silas.wren260@example.com,614-555-3391,Clinic C,Physical Therapist,Referral,2026-09-26
