transaction_id,account_id,amount,iso_currency_code,date,name,merchant_name,category,pending,payment_channel
txn_00001,acc_chk_001,1350.00,USD,2026-01-01,Rent Payment,Capitol Hill Property Mgmt,Payment;Rent,false,online
txn_00002,acc_chk_001,90.00,USD,2026-01-01,RTD EcoPass,RTD Denver,Travel;Public Transit,false,in store
txn_00003,acc_chk_001,55.00,USD,2026-01-02,AT&T Mobility,AT&T,Service;Telecommunication,false,online
txn_00004,acc_chk_001,11.99,USD,2026-01-03,Spotify Premium,Spotify,Service;Subscription,false,online
txn_00005,acc_chk_001,18.00,USD,2026-01-03,Lemonade Renters Insurance,Lemonade,Service;Insurance,false,online
txn_00006,acc_chk_001,3247.63,USD,2026-01-01,Direct Deposit Payroll,Stonebridge Healthcare,Transfer;Payroll,false,other
txn_00007,acc_chk_001,3247.63,USD,2026-01-15,Direct Deposit Payroll,Stonebridge Healthcare,Transfer;Payroll,false,other
txn_00008,acc_chk_001,46.38,USD,2026-01-20,Groceries,King Soopers,Food and Drink;Groceries,false,in store
txn_00009,acc_chk_001,78.38,USD,2026-01-24,Groceries,Trader Joe's,Food and Drink;Groceries,false,in store
txn_00010,acc_chk_001,72.19,USD,2026-01-14,Groceries,Trader Joe's,Food and Drink;Groceries,false,in store
txn_00011,acc_chk_001,38.14,USD,2026-01-04,Groceries,Trader Joe's,Food and Drink;Groceries,false,in store
txn_00012,acc_chk_001,37.64,USD,2026-01-10,DoorDash,DoorDash,Food and Drink;Restaurants,false,online
txn_00013,acc_chk_001,78.06,USD,2026-01-17,Instacart,Instacart,Food and Drink;Groceries,false,online
txn_00014,acc_chk_001,56.61,USD,2026-01-14,REI,REI Denver,Shops;Sporting Goods,false,in store
txn_00015,acc_chk_001,23.99,USD,2026-01-17,Rincon Coffee,Rincon Coffee,Food and Drink;Coffee Shop,false,in store
txn_00016,acc_chk_001,25.19,USD,2026-01-05,Rincon Coffee,Rincon Coffee,Food and Drink;Coffee Shop,false,in store
txn_00017,acc_chk_001,44.57,USD,2026-01-25,DoorDash,DoorDash,Food and Drink;Restaurants,false,online
txn_00018,acc_chk_001,34.47,USD,2026-01-08,DoorDash,DoorDash,Food and Drink;Restaurants,false,online
txn_00019,acc_chk_001,33.00,USD,2026-01-23,Uber Trip,Uber,Travel;Ride Share,false,online
txn_00020,acc_chk_001,27.85,USD,2026-01-13,Tattered Cover,Tattered Cover,Shops;Bookstores,false,in store
txn_00021,acc_chk_001,20.92,USD,2026-01-09,Tattered Cover,Tattered Cover,Shops;Bookstores,false,in store
txn_00022,acc_chk_001,71.03,USD,2026-01-04,Groceries,Trader Joe's,Food and Drink;Groceries,false,in store
txn_00023,acc_chk_001,31.68,USD,2026-01-19,Rincon Coffee,Rincon Coffee,Food and Drink;Coffee Shop,false,in store
txn_00024,acc_chk_001,26.42,USD,2026-01-09,Rincon Coffee,Rincon Coffee,Food and Drink;Coffee Shop,false,in store
txn_00025,acc_chk_001,42.02,USD,2026-01-20,Uber Trip,Uber,Travel;Ride Share,false,online
txn_00026,acc_chk_001,59.00,USD,2026-01-23,REI,REI Denver,Shops;Sporting Goods,false,in store
txn_00027,acc_chk_001,34.16,USD,2026-01-12,Uber Trip,Uber,Travel;Ride Share,false,online
txn_00028,acc_chk_001,24.18,USD,2026-01-08,Rincon Coffee,Rincon Coffee,Food and Drink;Coffee Shop,false,in store
txn_00029,acc_chk_001,25.51,USD,2026-01-09,Tattered Cover,Tattered Cover,Shops;Bookstores,false,in store
txn_00030,acc_chk_001,29.01,USD,2026-01-18,Rincon Coffee,Rincon Coffee,Food and Drink;Coffee Shop,false,in store
txn_00031,acc_chk_001,40.96,USD,2026-01-07,Instacart,Instacart,Food and Drink;Groceries,false,online
txn_00032,acc_chk_001,40.03,USD,2026-01-12,REI,REI Denver,Shops;Sporting Goods,false,in store
txn_00033,acc_chk_001,1350.00,USD,2026-02-01,Rent Payment,Capitol Hill Property Mgmt,Payment;Rent,false,online
txn_00034,acc_chk_001,90.00,USD,2026-02-01,RTD EcoPass,RTD Denver,Travel;Public Transit,false,in store
txn_00035,acc_chk_001,55.00,USD,2026-02-02,AT&T Mobility,AT&T,Service;Telecommunication,false,online
txn_00036,acc_chk_001,11.99,USD,2026-02-03,Spotify Premium,Spotify,Service;Subscription,false,online
txn_00037,acc_chk_001,18.00,USD,2026-02-03,Lemonade Renters Insurance,Lemonade,Service;Insurance,false,online
txn_00038,acc_chk_001,3247.63,USD,2026-02-01,Direct Deposit Payroll,Stonebridge Healthcare,Transfer;Payroll,false,other
txn_00039,acc_chk_001,3247.63,USD,2026-02-15,Direct Deposit Payroll,Stonebridge Healthcare,Transfer;Payroll,false,other
txn_00040,acc_chk_001,52.31,USD,2026-02-20,Instacart,Instacart,Food and Drink;Groceries,false,online
txn_00041,acc_chk_001,38.07,USD,2026-02-04,Groceries,Aurora Latin Grocery,Food and Drink;Groceries,false,in store
txn_00042,acc_chk_001,44.22,USD,2026-02-17,Groceries,Trader Joe's,Food and Drink;Groceries,false,in store
txn_00043,acc_chk_001,81.44,USD,2026-02-21,Groceries,Aurora Latin Grocery,Food and Drink;Groceries,false,in store
txn_00044,acc_chk_001,44.41,USD,2026-02-05,Instacart,Instacart,Food and Drink;Groceries,false,online
txn_00045,acc_chk_001,83.62,USD,2026-02-14,Groceries,King Soopers,Food and Drink;Groceries,false,in store
txn_00046,acc_chk_001,43.97,USD,2026-02-24,REI,REI Denver,Shops;Sporting Goods,false,in store
txn_00047,acc_chk_001,21.78,USD,2026-02-04,REI,REI Denver,Shops;Sporting Goods,false,in store
txn_00048,acc_chk_001,19.24,USD,2026-02-08,Tattered Cover,Tattered Cover,Shops;Bookstores,false,in store
txn_00049,acc_chk_001,41.33,USD,2026-02-23,DoorDash,DoorDash,Food and Drink;Restaurants,false,online
txn_00050,acc_chk_001,33.08,USD,2026-02-05,Uber Trip,Uber,Travel;Ride Share,false,online
txn_00051,acc_chk_001,42.98,USD,2026-02-06,Uber Trip,Uber,Travel;Ride Share,false,online
txn_00052,acc_chk_001,39.82,USD,2026-02-13,DoorDash,DoorDash,Food and Drink;Restaurants,false,online
txn_00053,acc_chk_001,34.50,USD,2026-02-10,Uber Trip,Uber,Travel;Ride Share,false,online
txn_00054,acc_chk_001,46.25,USD,2026-02-15,Groceries,King Soopers,Food and Drink;Groceries,false,in store
txn_00055,acc_chk_001,28.60,USD,2026-02-23,DoorDash,DoorDash,Food and Drink;Restaurants,false,online
txn_00056,acc_chk_001,44.28,USD,2026-02-06,DoorDash,DoorDash,Food and Drink;Restaurants,false,online
txn_00057,acc_chk_001,38.68,USD,2026-02-19,REI,REI Denver,Shops;Sporting Goods,false,in store
txn_00058,acc_chk_001,41.24,USD,2026-02-21,Uber Trip,Uber,Travel;Ride Share,false,online
txn_00059,acc_chk_001,29.03,USD,2026-02-05,Rincon Coffee,Rincon Coffee,Food and Drink;Coffee Shop,false,in store
txn_00060,acc_chk_001,42.01,USD,2026-02-23,Groceries,King Soopers,Food and Drink;Groceries,false,in store
txn_00061,acc_chk_001,53.60,USD,2026-02-10,Groceries,Aurora Latin Grocery,Food and Drink;Groceries,false,in store
txn_00062,acc_chk_001,40.73,USD,2026-02-24,Instacart,Instacart,Food and Drink;Groceries,false,online
txn_00063,acc_chk_001,52.03,USD,2026-02-14,Groceries,Trader Joe's,Food and Drink;Groceries,false,in store
txn_00064,acc_chk_001,45.82,USD,2026-02-13,Groceries,King Soopers,Food and Drink;Groceries,false,in store
txn_00065,acc_chk_001,60.12,USD,2026-02-11,Instacart,Instacart,Food and Drink;Groceries,false,online
txn_00066,acc_chk_001,63.05,USD,2026-02-13,Groceries,Trader Joe's,Food and Drink;Groceries,false,in store
txn_00067,acc_chk_001,72.88,USD,2026-02-18,Groceries,King Soopers,Food and Drink;Groceries,false,in store
txn_00068,acc_chk_001,1350.00,USD,2026-03-01,Rent Payment,Capitol Hill Property Mgmt,Payment;Rent,false,online
txn_00069,acc_chk_001,90.00,USD,2026-03-01,RTD EcoPass,RTD Denver,Travel;Public Transit,false,in store
txn_00070,acc_chk_001,55.00,USD,2026-03-02,AT&T Mobility,AT&T,Service;Telecommunication,false,online
txn_00071,acc_chk_001,11.99,USD,2026-03-03,Spotify Premium,Spotify,Service;Subscription,false,online
txn_00072,acc_chk_001,18.00,USD,2026-03-03,Lemonade Renters Insurance,Lemonade,Service;Insurance,false,online
txn_00073,acc_chk_001,3247.63,USD,2026-03-01,Direct Deposit Payroll,Stonebridge Healthcare,Transfer;Payroll,false,other
txn_00074,acc_chk_001,3247.63,USD,2026-03-15,Direct Deposit Payroll,Stonebridge Healthcare,Transfer;Payroll,false,other
txn_00075,acc_chk_001,35.31,USD,2026-03-12,Uber Trip,Uber,Travel;Ride Share,false,online
txn_00076,acc_chk_001,39.03,USD,2026-03-14,REI,REI Denver,Shops;Sporting Goods,false,in store
txn_00077,acc_chk_001,46.46,USD,2026-03-24,Instacart,Instacart,Food and Drink;Groceries,false,online
txn_00078,acc_chk_001,86.41,USD,2026-03-18,Groceries,Aurora Latin Grocery,Food and Drink;Groceries,false,in store
txn_00079,acc_chk_001,33.84,USD,2026-03-10,DoorDash,DoorDash,Food and Drink;Restaurants,false,online
txn_00080,acc_chk_001,20.09,USD,2026-03-04,Tattered Cover,Tattered Cover,Shops;Bookstores,false,in store
txn_00081,acc_chk_001,21.51,USD,2026-03-05,REI,REI Denver,Shops;Sporting Goods,false,in store
txn_00082,acc_chk_001,31.51,USD,2026-03-17,Uber Trip,Uber,Travel;Ride Share,false,online
txn_00083,acc_chk_001,55.84,USD,2026-03-12,Groceries,Trader Joe's,Food and Drink;Groceries,false,in store
txn_00084,acc_chk_001,31.40,USD,2026-03-23,Uber Trip,Uber,Travel;Ride Share,false,online
txn_00085,acc_chk_001,30.20,USD,2026-03-06,DoorDash,DoorDash,Food and Drink;Restaurants,false,online
txn_00086,acc_chk_001,32.05,USD,2026-03-16,Uber Trip,Uber,Travel;Ride Share,false,online
txn_00087,acc_chk_001,37.29,USD,2026-03-25,Groceries,Aurora Latin Grocery,Food and Drink;Groceries,false,in store
txn_00088,acc_chk_001,66.75,USD,2026-03-25,Groceries,Trader Joe's,Food and Drink;Groceries,false,in store
txn_00089,acc_chk_001,76.66,USD,2026-03-11,Instacart,Instacart,Food and Drink;Groceries,false,online
txn_00090,acc_chk_001,29.59,USD,2026-03-18,Tattered Cover,Tattered Cover,Shops;Bookstores,false,in store
txn_00091,acc_chk_001,40.20,USD,2026-03-24,DoorDash,DoorDash,Food and Drink;Restaurants,false,online
txn_00092,acc_chk_001,76.15,USD,2026-03-12,Groceries,King Soopers,Food and Drink;Groceries,false,in store
txn_00093,acc_chk_001,35.86,USD,2026-03-07,Uber Trip,Uber,Travel;Ride Share,false,online
txn_00094,acc_chk_001,31.84,USD,2026-03-23,DoorDash,DoorDash,Food and Drink;Restaurants,false,online
txn_00095,acc_chk_001,45.68,USD,2026-03-20,DoorDash,DoorDash,Food and Drink;Restaurants,false,online
txn_00096,acc_chk_001,86.21,USD,2026-03-10,Groceries,King Soopers,Food and Drink;Groceries,false,in store
txn_00097,acc_chk_001,44.95,USD,2026-03-24,DoorDash,DoorDash,Food and Drink;Restaurants,false,online
txn_00098,acc_chk_001,69.84,USD,2026-03-11,Groceries,Aurora Latin Grocery,Food and Drink;Groceries,false,in store
txn_00099,acc_chk_001,37.27,USD,2026-03-04,Groceries,Aurora Latin Grocery,Food and Drink;Groceries,false,in store
txn_00100,acc_chk_001,33.42,USD,2026-03-22,Rincon Coffee,Rincon Coffee,Food and Drink;Coffee Shop,false,in store
txn_00101,acc_chk_001,34.76,USD,2026-03-08,Uber Trip,Uber,Travel;Ride Share,false,online
txn_00102,acc_chk_001,43.86,USD,2026-03-05,Instacart,Instacart,Food and Drink;Groceries,false,online
txn_00103,acc_chk_001,38.25,USD,2026-03-05,DoorDash,DoorDash,Food and Drink;Restaurants,false,online
txn_00104,acc_chk_001,30.66,USD,2026-03-18,Uber Trip,Uber,Travel;Ride Share,false,online
txn_00105,acc_chk_001,1350.00,USD,2026-04-01,Rent Payment,Capitol Hill Property Mgmt,Payment;Rent,false,online
txn_00106,acc_chk_001,90.00,USD,2026-04-01,RTD EcoPass,RTD Denver,Travel;Public Transit,false,in store
txn_00107,acc_chk_001,55.00,USD,2026-04-02,AT&T Mobility,AT&T,Service;Telecommunication,false,online
txn_00108,acc_chk_001,11.99,USD,2026-04-03,Spotify Premium,Spotify,Service;Subscription,false,online
txn_00109,acc_chk_001,18.00,USD,2026-04-03,Lemonade Renters Insurance,Lemonade,Service;Insurance,false,online
txn_00110,acc_chk_001,3247.63,USD,2026-04-01,Direct Deposit Payroll,Stonebridge Healthcare,Transfer;Payroll,false,other
txn_00111,acc_chk_001,3247.63,USD,2026-04-15,Direct Deposit Payroll,Stonebridge Healthcare,Transfer;Payroll,false,other
txn_00112,acc_chk_001,40.07,USD,2026-04-26,Groceries,Trader Joe's,Food and Drink;Groceries,false,in store
txn_00113,acc_chk_001,41.93,USD,2026-04-08,DoorDash,DoorDash,Food and Drink;Restaurants,false,online
txn_00114,acc_chk_001,84.67,USD,2026-04-05,Groceries,Aurora Latin Grocery,Food and Drink;Groceries,false,in store
txn_00115,acc_chk_001,27.51,USD,2026-04-06,Rincon Coffee,Rincon Coffee,Food and Drink;Coffee Shop,false,in store
txn_00116,acc_chk_001,64.59,USD,2026-04-19,Groceries,Aurora Latin Grocery,Food and Drink;Groceries,false,in store
txn_00117,acc_chk_001,45.53,USD,2026-04-17,Groceries,Trader Joe's,Food and Drink;Groceries,false,in store
txn_00118,acc_chk_001,24.47,USD,2026-04-10,Tattered Cover,Tattered Cover,Shops;Bookstores,false,in store
txn_00119,acc_chk_001,21.31,USD,2026-04-20,Tattered Cover,Tattered Cover,Shops;Bookstores,false,in store
txn_00120,acc_chk_001,27.27,USD,2026-04-26,REI,REI Denver,Shops;Sporting Goods,false,in store
txn_00121,acc_chk_001,41.54,USD,2026-04-23,Instacart,Instacart,Food and Drink;Groceries,false,online
txn_00122,acc_chk_001,22.21,USD,2026-04-12,Rincon Coffee,Rincon Coffee,Food and Drink;Coffee Shop,false,in store
txn_00123,acc_chk_001,22.53,USD,2026-04-19,Tattered Cover,Tattered Cover,Shops;Bookstores,false,in store
txn_00124,acc_chk_001,35.93,USD,2026-04-14,Groceries,Trader Joe's,Food and Drink;Groceries,false,in store
txn_00125,acc_chk_001,25.61,USD,2026-04-06,Tattered Cover,Tattered Cover,Shops;Bookstores,false,in store
txn_00126,acc_chk_001,24.50,USD,2026-04-12,DoorDash,DoorDash,Food and Drink;Restaurants,false,online
txn_00127,acc_chk_001,36.54,USD,2026-04-11,Uber Trip,Uber,Travel;Ride Share,false,online
txn_00128,acc_chk_001,72.06,USD,2026-04-15,Groceries,King Soopers,Food and Drink;Groceries,false,in store
txn_00129,acc_chk_001,25.53,USD,2026-04-07,REI,REI Denver,Shops;Sporting Goods,false,in store
txn_00130,acc_chk_001,54.65,USD,2026-04-21,Groceries,Aurora Latin Grocery,Food and Drink;Groceries,false,in store
txn_00131,acc_chk_001,43.78,USD,2026-04-04,REI,REI Denver,Shops;Sporting Goods,false,in store
txn_00132,acc_chk_001,53.04,USD,2026-04-25,REI,REI Denver,Shops;Sporting Goods,false,in store
txn_00133,acc_chk_001,34.01,USD,2026-04-05,Uber Trip,Uber,Travel;Ride Share,false,online
txn_00134,acc_chk_001,73.09,USD,2026-04-13,Groceries,Aurora Latin Grocery,Food and Drink;Groceries,false,in store
txn_00135,acc_chk_001,25.57,USD,2026-04-12,REI,REI Denver,Shops;Sporting Goods,false,in store
txn_00136,acc_chk_001,54.07,USD,2026-04-11,Groceries,King Soopers,Food and Drink;Groceries,false,in store
txn_00137,acc_chk_001,27.50,USD,2026-04-19,Rincon Coffee,Rincon Coffee,Food and Drink;Coffee Shop,false,in store
txn_00138,acc_chk_001,41.90,USD,2026-04-06,Instacart,Instacart,Food and Drink;Groceries,false,online
txn_00139,acc_chk_001,44.35,USD,2026-04-23,Uber Trip,Uber,Travel;Ride Share,false,online
txn_00140,acc_chk_001,1350.00,USD,2026-05-01,Rent Payment,Capitol Hill Property Mgmt,Payment;Rent,false,online
txn_00141,acc_chk_001,90.00,USD,2026-05-01,RTD EcoPass,RTD Denver,Travel;Public Transit,false,in store
txn_00142,acc_chk_001,55.00,USD,2026-05-02,AT&T Mobility,AT&T,Service;Telecommunication,false,online
txn_00143,acc_chk_001,11.99,USD,2026-05-03,Spotify Premium,Spotify,Service;Subscription,false,online
txn_00144,acc_chk_001,18.00,USD,2026-05-03,Lemonade Renters Insurance,Lemonade,Service;Insurance,false,online
txn_00145,acc_chk_001,3247.63,USD,2026-05-01,Direct Deposit Payroll,Stonebridge Healthcare,Transfer;Payroll,false,other
txn_00146,acc_chk_001,3247.63,USD,2026-05-15,Direct Deposit Payroll,Stonebridge Healthcare,Transfer;Payroll,false,other
txn_00147,acc_chk_001,69.29,USD,2026-05-08,Groceries,Aurora Latin Grocery,Food and Drink;Groceries,false,in store
txn_00148,acc_chk_001,39.28,USD,2026-05-19,Groceries,King Soopers,Food and Drink;Groceries,false,in store
txn_00149,acc_chk_001,24.46,USD,2026-05-06,REI,REI Denver,Shops;Sporting Goods,false,in store
txn_00150,acc_chk_001,49.40,USD,2026-05-12,REI,REI Denver,Shops;Sporting Goods,false,in store
txn_00151,acc_chk_001,55.97,USD,2026-05-24,Groceries,Trader Joe's,Food and Drink;Groceries,false,in store
txn_00152,acc_chk_001,86.20,USD,2026-05-15,Groceries,Trader Joe's,Food and Drink;Groceries,false,in store
txn_00153,acc_chk_001,29.79,USD,2026-05-07,Tattered Cover,Tattered Cover,Shops;Bookstores,false,in store
txn_00154,acc_chk_001,28.11,USD,2026-05-20,Uber Trip,Uber,Travel;Ride Share,false,online
txn_00155,acc_chk_001,51.47,USD,2026-05-07,Groceries,Aurora Latin Grocery,Food and Drink;Groceries,false,in store
txn_00156,acc_chk_001,41.53,USD,2026-05-21,DoorDash,DoorDash,Food and Drink;Restaurants,false,online
txn_00157,acc_chk_001,40.57,USD,2026-05-27,Groceries,King Soopers,Food and Drink;Groceries,false,in store
txn_00158,acc_chk_001,65.71,USD,2026-05-23,Groceries,Trader Joe's,Food and Drink;Groceries,false,in store
txn_00159,acc_chk_001,38.35,USD,2026-05-17,Uber Trip,Uber,Travel;Ride Share,false,online
txn_00160,acc_chk_001,31.75,USD,2026-05-24,Rincon Coffee,Rincon Coffee,Food and Drink;Coffee Shop,false,in store
txn_00161,acc_chk_001,76.28,USD,2026-05-07,Groceries,Aurora Latin Grocery,Food and Drink;Groceries,false,in store
txn_00162,acc_chk_001,36.30,USD,2026-05-09,Uber Trip,Uber,Travel;Ride Share,false,online
txn_00163,acc_chk_001,27.74,USD,2026-05-04,Rincon Coffee,Rincon Coffee,Food and Drink;Coffee Shop,false,in store
txn_00164,acc_chk_001,35.55,USD,2026-05-13,Uber Trip,Uber,Travel;Ride Share,false,online
txn_00165,acc_chk_001,55.96,USD,2026-05-13,Groceries,King Soopers,Food and Drink;Groceries,false,in store
txn_00166,acc_chk_001,19.66,USD,2026-05-09,Tattered Cover,Tattered Cover,Shops;Bookstores,false,in store
txn_00167,acc_chk_001,56.16,USD,2026-05-08,REI,REI Denver,Shops;Sporting Goods,false,in store
txn_00168,acc_chk_001,23.65,USD,2026-05-23,Rincon Coffee,Rincon Coffee,Food and Drink;Coffee Shop,false,in store
txn_00169,acc_chk_001,65.88,USD,2026-05-20,Groceries,King Soopers,Food and Drink;Groceries,false,in store
txn_00170,acc_chk_001,70.23,USD,2026-05-12,Groceries,Aurora Latin Grocery,Food and Drink;Groceries,false,in store
txn_00171,acc_chk_001,1350.00,USD,2026-06-01,Rent Payment,Capitol Hill Property Mgmt,Payment;Rent,false,online
txn_00172,acc_chk_001,90.00,USD,2026-06-01,RTD EcoPass,RTD Denver,Travel;Public Transit,false,in store
txn_00173,acc_chk_001,55.00,USD,2026-06-02,AT&T Mobility,AT&T,Service;Telecommunication,false,online
txn_00174,acc_chk_001,11.99,USD,2026-06-03,Spotify Premium,Spotify,Service;Subscription,false,online
txn_00175,acc_chk_001,18.00,USD,2026-06-03,Lemonade Renters Insurance,Lemonade,Service;Insurance,false,online
txn_00176,acc_chk_001,3247.63,USD,2026-06-01,Direct Deposit Payroll,Stonebridge Healthcare,Transfer;Payroll,false,other
txn_00177,acc_chk_001,3247.63,USD,2026-06-15,Direct Deposit Payroll,Stonebridge Healthcare,Transfer;Payroll,false,other
txn_00178,acc_chk_001,21.71,USD,2026-06-22,Tattered Cover,Tattered Cover,Shops;Bookstores,false,in store
txn_00179,acc_chk_001,63.90,USD,2026-06-07,REI,REI Denver,Shops;Sporting Goods,false,in store
txn_00180,acc_chk_001,49.24,USD,2026-06-19,Instacart,Instacart,Food and Drink;Groceries,false,online
txn_00181,acc_chk_001,19.55,USD,2026-06-14,Tattered Cover,Tattered Cover,Shops;Bookstores,false,in store
txn_00182,acc_chk_001,66.92,USD,2026-06-11,Instacart,Instacart,Food and Drink;Groceries,false,online
txn_00183,acc_chk_001,53.89,USD,2026-06-21,Groceries,Trader Joe's,Food and Drink;Groceries,false,in store
txn_00184,acc_chk_001,84.98,USD,2026-06-24,Groceries,King Soopers,Food and Drink;Groceries,false,in store
txn_00185,acc_chk_001,35.48,USD,2026-06-18,REI,REI Denver,Shops;Sporting Goods,false,in store
txn_00186,acc_chk_001,22.01,USD,2026-06-12,Tattered Cover,Tattered Cover,Shops;Bookstores,false,in store
txn_00187,acc_chk_001,65.18,USD,2026-06-07,REI,REI Denver,Shops;Sporting Goods,false,in store
txn_00188,acc_chk_001,41.49,USD,2026-06-06,Uber Trip,Uber,Travel;Ride Share,false,online
txn_00189,acc_chk_001,25.99,USD,2026-06-19,Rincon Coffee,Rincon Coffee,Food and Drink;Coffee Shop,false,in store
txn_00190,acc_chk_001,54.44,USD,2026-06-24,Instacart,Instacart,Food and Drink;Groceries,false,online
txn_00191,acc_chk_001,80.73,USD,2026-06-08,Groceries,King Soopers,Food and Drink;Groceries,false,in store
txn_00192,acc_chk_001,41.00,USD,2026-06-06,Uber Trip,Uber,Travel;Ride Share,false,online
txn_00193,acc_chk_001,31.81,USD,2026-06-23,DoorDash,DoorDash,Food and Drink;Restaurants,false,online
txn_00194,acc_chk_001,62.92,USD,2026-06-10,REI,REI Denver,Shops;Sporting Goods,false,in store
txn_00195,acc_chk_001,26.16,USD,2026-06-21,Tattered Cover,Tattered Cover,Shops;Bookstores,false,in store
txn_00196,acc_chk_001,22.28,USD,2026-06-26,Rincon Coffee,Rincon Coffee,Food and Drink;Coffee Shop,false,in store
txn_00197,acc_chk_001,21.82,USD,2026-06-07,DoorDash,DoorDash,Food and Drink;Restaurants,false,online
txn_00198,acc_chk_001,18.85,USD,2026-06-10,DoorDash,DoorDash,Food and Drink;Restaurants,false,online
txn_00199,acc_chk_001,29.04,USD,2026-06-19,Tattered Cover,Tattered Cover,Shops;Bookstores,false,in store
txn_00200,acc_chk_001,54.82,USD,2026-06-11,Groceries,Aurora Latin Grocery,Food and Drink;Groceries,false,in store
txn_00201,acc_chk_001,66.21,USD,2026-06-17,Groceries,Aurora Latin Grocery,Food and Drink;Groceries,false,in store
txn_00202,acc_chk_001,41.35,USD,2026-06-27,Groceries,Trader Joe's,Food and Drink;Groceries,false,in store
txn_00203,acc_chk_001,77.26,USD,2026-06-15,Groceries,King Soopers,Food and Drink;Groceries,false,in store
txn_00204,acc_chk_001,30.89,USD,2026-06-19,Rincon Coffee,Rincon Coffee,Food and Drink;Coffee Shop,false,in store
txn_00205,acc_chk_001,35.82,USD,2026-06-24,Uber Trip,Uber,Travel;Ride Share,false,online
txn_00206,acc_chk_001,25.75,USD,2026-06-11,DoorDash,DoorDash,Food and Drink;Restaurants,false,online
txn_00207,acc_chk_001,38.39,USD,2026-06-11,Uber Trip,Uber,Travel;Ride Share,false,online
txn_00208,acc_chk_001,1350.00,USD,2026-07-01,Rent Payment,Capitol Hill Property Mgmt,Payment;Rent,false,online
txn_00209,acc_chk_001,90.00,USD,2026-07-01,RTD EcoPass,RTD Denver,Travel;Public Transit,false,in store
txn_00210,acc_chk_001,55.00,USD,2026-07-02,AT&T Mobility,AT&T,Service;Telecommunication,false,online
txn_00211,acc_chk_001,11.99,USD,2026-07-03,Spotify Premium,Spotify,Service;Subscription,false,online
txn_00212,acc_chk_001,18.00,USD,2026-07-03,Lemonade Renters Insurance,Lemonade,Service;Insurance,false,online
txn_00213,acc_chk_001,3247.63,USD,2026-07-01,Direct Deposit Payroll,Stonebridge Healthcare,Transfer;Payroll,false,other
txn_00214,acc_chk_001,3247.63,USD,2026-07-15,Direct Deposit Payroll,Stonebridge Healthcare,Transfer;Payroll,false,other
txn_00215,acc_chk_001,58.62,USD,2026-07-11,Groceries,King Soopers,Food and Drink;Groceries,false,in store
txn_00216,acc_chk_001,46.69,USD,2026-07-09,Groceries,Trader Joe's,Food and Drink;Groceries,false,in store
txn_00217,acc_chk_001,29.05,USD,2026-07-24,DoorDash,DoorDash,Food and Drink;Restaurants,false,online
txn_00218,acc_chk_001,19.63,USD,2026-07-16,DoorDash,DoorDash,Food and Drink;Restaurants,false,online
txn_00219,acc_chk_001,32.88,USD,2026-07-22,Rincon Coffee,Rincon Coffee,Food and Drink;Coffee Shop,false,in store
txn_00220,acc_chk_001,59.12,USD,2026-07-19,REI,REI Denver,Shops;Sporting Goods,false,in store
txn_00221,acc_chk_001,36.99,USD,2026-07-17,DoorDash,DoorDash,Food and Drink;Restaurants,false,online
txn_00222,acc_chk_001,46.98,USD,2026-07-04,Groceries,Trader Joe's,Food and Drink;Groceries,false,in store
txn_00223,acc_chk_001,45.34,USD,2026-07-25,Instacart,Instacart,Food and Drink;Groceries,false,online
txn_00224,acc_chk_001,41.03,USD,2026-07-22,Uber Trip,Uber,Travel;Ride Share,false,online
txn_00225,acc_chk_001,28.84,USD,2026-07-11,Uber Trip,Uber,Travel;Ride Share,false,online
txn_00226,acc_chk_001,43.59,USD,2026-07-27,Uber Trip,Uber,Travel;Ride Share,false,online
txn_00227,acc_chk_001,29.05,USD,2026-07-07,Uber Trip,Uber,Travel;Ride Share,false,online
txn_00228,acc_chk_001,80.85,USD,2026-07-25,Instacart,Instacart,Food and Drink;Groceries,false,online
txn_00229,acc_chk_001,85.61,USD,2026-07-19,Groceries,King Soopers,Food and Drink;Groceries,false,in store
txn_00230,acc_chk_001,33.10,USD,2026-07-15,REI,REI Denver,Shops;Sporting Goods,false,in store
txn_00231,acc_chk_001,64.31,USD,2026-07-17,Groceries,King Soopers,Food and Drink;Groceries,false,in store
txn_00232,acc_chk_001,41.03,USD,2026-07-06,Uber Trip,Uber,Travel;Ride Share,false,online
txn_00233,acc_chk_001,33.23,USD,2026-07-11,DoorDash,DoorDash,Food and Drink;Restaurants,false,online
txn_00234,acc_chk_001,58.95,USD,2026-07-12,REI,REI Denver,Shops;Sporting Goods,false,in store
txn_00235,acc_chk_001,47.05,USD,2026-07-13,Instacart,Instacart,Food and Drink;Groceries,false,online
txn_00236,acc_chk_001,75.49,USD,2026-07-12,Groceries,Aurora Latin Grocery,Food and Drink;Groceries,false,in store
txn_00237,acc_chk_001,35.58,USD,2026-07-09,REI,REI Denver,Shops;Sporting Goods,false,in store
txn_00238,acc_chk_001,61.56,USD,2026-07-14,Groceries,Aurora Latin Grocery,Food and Drink;Groceries,false,in store
txn_00239,acc_chk_001,1350.00,USD,2026-08-01,Rent Payment,Capitol Hill Property Mgmt,Payment;Rent,false,online
txn_00240,acc_chk_001,90.00,USD,2026-08-01,RTD EcoPass,RTD Denver,Travel;Public Transit,false,in store
txn_00241,acc_chk_001,55.00,USD,2026-08-02,AT&T Mobility,AT&T,Service;Telecommunication,false,online
txn_00242,acc_chk_001,11.99,USD,2026-08-03,Spotify Premium,Spotify,Service;Subscription,false,online
txn_00243,acc_chk_001,18.00,USD,2026-08-03,Lemonade Renters Insurance,Lemonade,Service;Insurance,false,online
txn_00244,acc_chk_001,3247.63,USD,2026-08-01,Direct Deposit Payroll,Stonebridge Healthcare,Transfer;Payroll,false,other
txn_00245,acc_chk_001,3247.63,USD,2026-08-15,Direct Deposit Payroll,Stonebridge Healthcare,Transfer;Payroll,false,other
txn_00246,acc_chk_001,28.68,USD,2026-08-24,Rincon Coffee,Rincon Coffee,Food and Drink;Coffee Shop,false,in store
txn_00247,acc_chk_001,44.87,USD,2026-08-25,Groceries,King Soopers,Food and Drink;Groceries,false,in store
txn_00248,acc_chk_001,28.69,USD,2026-08-11,REI,REI Denver,Shops;Sporting Goods,false,in store
txn_00249,acc_chk_001,76.42,USD,2026-08-23,Groceries,Aurora Latin Grocery,Food and Drink;Groceries,false,in store
txn_00250,acc_chk_001,38.71,USD,2026-08-23,Groceries,King Soopers,Food and Drink;Groceries,false,in store
txn_00251,acc_chk_001,80.18,USD,2026-08-25,Groceries,Trader Joe's,Food and Drink;Groceries,false,in store
txn_00252,acc_chk_001,37.17,USD,2026-08-19,DoorDash,DoorDash,Food and Drink;Restaurants,false,online
txn_00253,acc_chk_001,25.53,USD,2026-08-27,Rincon Coffee,Rincon Coffee,Food and Drink;Coffee Shop,false,in store
txn_00254,acc_chk_001,43.42,USD,2026-08-04,DoorDash,DoorDash,Food and Drink;Restaurants,false,online
txn_00255,acc_chk_001,31.99,USD,2026-08-21,Uber Trip,Uber,Travel;Ride Share,false,online
txn_00256,acc_chk_001,86.14,USD,2026-08-17,Groceries,Trader Joe's,Food and Drink;Groceries,false,in store
txn_00257,acc_chk_001,31.68,USD,2026-08-05,Uber Trip,Uber,Travel;Ride Share,false,online
txn_00258,acc_chk_001,72.42,USD,2026-08-16,Groceries,King Soopers,Food and Drink;Groceries,false,in store
txn_00259,acc_chk_001,23.13,USD,2026-08-26,Tattered Cover,Tattered Cover,Shops;Bookstores,false,in store
txn_00260,acc_chk_001,61.85,USD,2026-08-19,Groceries,Trader Joe's,Food and Drink;Groceries,false,in store
txn_00261,acc_chk_001,64.26,USD,2026-08-24,Instacart,Instacart,Food and Drink;Groceries,false,online
txn_00262,acc_chk_001,47.97,USD,2026-08-24,Groceries,Trader Joe's,Food and Drink;Groceries,false,in store
txn_00263,acc_chk_001,57.30,USD,2026-08-11,Groceries,King Soopers,Food and Drink;Groceries,false,in store
txn_00264,acc_chk_001,39.93,USD,2026-08-22,Uber Trip,Uber,Travel;Ride Share,false,online
txn_00265,acc_chk_001,32.18,USD,2026-08-22,Uber Trip,Uber,Travel;Ride Share,false,online
txn_00266,acc_chk_001,40.87,USD,2026-08-25,Uber Trip,Uber,Travel;Ride Share,false,online
txn_00267,acc_chk_001,26.77,USD,2026-08-08,Tattered Cover,Tattered Cover,Shops;Bookstores,false,in store
txn_00268,acc_chk_001,64.85,USD,2026-08-27,Instacart,Instacart,Food and Drink;Groceries,false,online
txn_00269,acc_chk_001,41.40,USD,2026-08-09,Groceries,Aurora Latin Grocery,Food and Drink;Groceries,false,in store
txn_00270,acc_chk_001,75.27,USD,2026-08-07,Instacart,Instacart,Food and Drink;Groceries,false,online
txn_00271,acc_chk_001,61.32,USD,2026-08-20,REI,REI Denver,Shops;Sporting Goods,false,in store
txn_00272,acc_chk_001,45.75,USD,2026-08-08,Uber Trip,Uber,Travel;Ride Share,false,online
txn_00273,acc_chk_001,33.65,USD,2026-08-17,DoorDash,DoorDash,Food and Drink;Restaurants,false,online
txn_00274,acc_chk_001,27.40,USD,2026-08-24,REI,REI Denver,Shops;Sporting Goods,false,in store
txn_00275,acc_chk_001,70.35,USD,2026-08-15,Groceries,Aurora Latin Grocery,Food and Drink;Groceries,false,in store
txn_00276,acc_chk_001,1350.00,USD,2026-09-01,Rent Payment,Capitol Hill Property Mgmt,Payment;Rent,false,online
txn_00277,acc_chk_001,90.00,USD,2026-09-01,RTD EcoPass,RTD Denver,Travel;Public Transit,false,in store
txn_00278,acc_chk_001,55.00,USD,2026-09-02,AT&T Mobility,AT&T,Service;Telecommunication,false,online
txn_00279,acc_chk_001,11.99,USD,2026-09-03,Spotify Premium,Spotify,Service;Subscription,false,online
txn_00280,acc_chk_001,18.00,USD,2026-09-03,Lemonade Renters Insurance,Lemonade,Service;Insurance,false,online
txn_00281,acc_chk_001,3247.63,USD,2026-09-01,Direct Deposit Payroll,Stonebridge Healthcare,Transfer;Payroll,false,other
txn_00282,acc_chk_001,3247.63,USD,2026-09-15,Direct Deposit Payroll,Stonebridge Healthcare,Transfer;Payroll,false,other
txn_00283,acc_chk_001,81.69,USD,2026-09-21,Groceries,Trader Joe's,Food and Drink;Groceries,false,in store
txn_00284,acc_chk_001,66.88,USD,2026-09-18,Instacart,Instacart,Food and Drink;Groceries,false,online
txn_00285,acc_chk_001,66.26,USD,2026-09-12,Groceries,Aurora Latin Grocery,Food and Drink;Groceries,false,in store
txn_00286,acc_chk_001,62.71,USD,2026-09-07,Groceries,King Soopers,Food and Drink;Groceries,false,in store
txn_00287,acc_chk_001,38.12,USD,2026-09-21,DoorDash,DoorDash,Food and Drink;Restaurants,false,online
txn_00288,acc_chk_001,31.06,USD,2026-09-16,Uber Trip,Uber,Travel;Ride Share,false,online
txn_00289,acc_chk_001,46.43,USD,2026-09-17,Groceries,King Soopers,Food and Drink;Groceries,false,in store
txn_00290,acc_chk_001,40.08,USD,2026-09-17,DoorDash,DoorDash,Food and Drink;Restaurants,false,online
txn_00291,acc_chk_001,19.26,USD,2026-09-21,DoorDash,DoorDash,Food and Drink;Restaurants,false,online
txn_00292,acc_chk_001,49.47,USD,2026-09-15,REI,REI Denver,Shops;Sporting Goods,false,in store
txn_00293,acc_chk_001,55.95,USD,2026-09-20,Groceries,Trader Joe's,Food and Drink;Groceries,false,in store
txn_00294,acc_chk_001,74.45,USD,2026-09-13,Groceries,King Soopers,Food and Drink;Groceries,false,in store
txn_00295,acc_chk_001,23.95,USD,2026-09-19,Tattered Cover,Tattered Cover,Shops;Bookstores,false,in store
txn_00296,acc_chk_001,82.00,USD,2026-09-19,Groceries,King Soopers,Food and Drink;Groceries,false,in store
txn_00297,acc_chk_001,33.04,USD,2026-09-04,REI,REI Denver,Shops;Sporting Goods,false,in store
txn_00298,acc_chk_001,19.36,USD,2026-09-26,DoorDash,DoorDash,Food and Drink;Restaurants,false,online
txn_00299,acc_chk_001,51.29,USD,2026-09-12,Instacart,Instacart,Food and Drink;Groceries,false,online
txn_00300,acc_chk_001,36.93,USD,2026-09-19,Uber Trip,Uber,Travel;Ride Share,false,online
txn_00301,acc_chk_001,32.58,USD,2026-09-27,Rincon Coffee,Rincon Coffee,Food and Drink;Coffee Shop,false,in store
txn_00302,acc_chk_001,32.75,USD,2026-09-21,DoorDash,DoorDash,Food and Drink;Restaurants,false,online
txn_00303,acc_chk_001,86.41,USD,2026-09-16,Groceries,Trader Joe's,Food and Drink;Groceries,false,in store
txn_00304,acc_chk_001,20.65,USD,2026-09-27,Tattered Cover,Tattered Cover,Shops;Bookstores,false,in store
txn_00305,acc_chk_001,25.55,USD,2026-09-18,Rincon Coffee,Rincon Coffee,Food and Drink;Coffee Shop,false,in store
txn_00306,acc_chk_001,30.72,USD,2026-09-18,Rincon Coffee,Rincon Coffee,Food and Drink;Coffee Shop,false,in store
txn_00307,acc_chk_001,30.03,USD,2026-09-06,Rincon Coffee,Rincon Coffee,Food and Drink;Coffee Shop,false,in store
txn_00308,acc_chk_001,1350.00,USD,2026-10-01,Rent Payment,Capitol Hill Property Mgmt,Payment;Rent,false,online
txn_00309,acc_chk_001,90.00,USD,2026-10-01,RTD EcoPass,RTD Denver,Travel;Public Transit,false,in store
txn_00310,acc_chk_001,55.00,USD,2026-10-02,AT&T Mobility,AT&T,Service;Telecommunication,false,online
txn_00311,acc_chk_001,11.99,USD,2026-10-03,Spotify Premium,Spotify,Service;Subscription,false,online
txn_00312,acc_chk_001,18.00,USD,2026-10-03,Lemonade Renters Insurance,Lemonade,Service;Insurance,false,online
txn_00313,acc_chk_001,3247.63,USD,2026-10-01,Direct Deposit Payroll,Stonebridge Healthcare,Transfer;Payroll,false,other
txn_00314,acc_chk_001,3247.63,USD,2026-10-15,Direct Deposit Payroll,Stonebridge Healthcare,Transfer;Payroll,false,other
txn_00315,acc_chk_001,62.26,USD,2026-10-10,Instacart,Instacart,Food and Drink;Groceries,false,online
txn_00316,acc_chk_001,25.95,USD,2026-10-16,DoorDash,DoorDash,Food and Drink;Restaurants,false,online
txn_00317,acc_chk_001,23.93,USD,2026-10-18,DoorDash,DoorDash,Food and Drink;Restaurants,false,online
txn_00318,acc_chk_001,43.61,USD,2026-10-23,Groceries,Aurora Latin Grocery,Food and Drink;Groceries,false,in store
txn_00319,acc_chk_001,27.49,USD,2026-10-14,Rincon Coffee,Rincon Coffee,Food and Drink;Coffee Shop,false,in store
txn_00320,acc_chk_001,21.74,USD,2026-10-09,DoorDash,DoorDash,Food and Drink;Restaurants,false,online
txn_00321,acc_chk_001,45.84,USD,2026-10-04,DoorDash,DoorDash,Food and Drink;Restaurants,false,online
txn_00322,acc_chk_001,37.81,USD,2026-10-06,Uber Trip,Uber,Travel;Ride Share,false,online
txn_00323,acc_chk_001,27.73,USD,2026-10-21,Tattered Cover,Tattered Cover,Shops;Bookstores,false,in store
txn_00324,acc_chk_001,20.32,USD,2026-10-19,DoorDash,DoorDash,Food and Drink;Restaurants,false,online
txn_00325,acc_chk_001,75.74,USD,2026-10-09,Groceries,King Soopers,Food and Drink;Groceries,false,in store
txn_00326,acc_chk_001,69.57,USD,2026-10-20,REI,REI Denver,Shops;Sporting Goods,false,in store
txn_00327,acc_chk_001,25.71,USD,2026-10-07,Rincon Coffee,Rincon Coffee,Food and Drink;Coffee Shop,false,in store
txn_00328,acc_chk_001,21.53,USD,2026-10-14,DoorDash,DoorDash,Food and Drink;Restaurants,false,online
txn_00329,acc_chk_001,36.95,USD,2026-10-27,Groceries,Aurora Latin Grocery,Food and Drink;Groceries,false,in store
txn_00330,acc_chk_001,64.77,USD,2026-10-09,Groceries,Aurora Latin Grocery,Food and Drink;Groceries,false,in store
txn_00331,acc_chk_001,30.55,USD,2026-10-08,DoorDash,DoorDash,Food and Drink;Restaurants,false,online
txn_00332,acc_chk_001,23.05,USD,2026-10-14,Rincon Coffee,Rincon Coffee,Food and Drink;Coffee Shop,false,in store
txn_00333,acc_chk_001,25.55,USD,2026-10-18,REI,REI Denver,Shops;Sporting Goods,false,in store
txn_00334,acc_chk_001,82.47,USD,2026-10-23,Groceries,Trader Joe's,Food and Drink;Groceries,false,in store
txn_00335,acc_chk_001,30.86,USD,2026-10-09,Rincon Coffee,Rincon Coffee,Food and Drink;Coffee Shop,false,in store
txn_00336,acc_chk_001,83.86,USD,2026-10-07,Groceries,Aurora Latin Grocery,Food and Drink;Groceries,false,in store
txn_00337,acc_chk_001,35.52,USD,2026-10-04,REI,REI Denver,Shops;Sporting Goods,false,in store
txn_00338,acc_chk_001,40.15,USD,2026-10-06,Groceries,King Soopers,Food and Drink;Groceries,false,in store
txn_00339,acc_chk_001,38.48,USD,2026-10-23,Uber Trip,Uber,Travel;Ride Share,false,online
txn_00340,acc_chk_001,76.89,USD,2026-10-25,Groceries,King Soopers,Food and Drink;Groceries,false,in store
txn_00341,acc_chk_001,19.01,USD,2026-10-04,Tattered Cover,Tattered Cover,Shops;Bookstores,false,in store
txn_00342,acc_chk_001,74.97,USD,2026-10-14,Groceries,Trader Joe's,Food and Drink;Groceries,false,in store
txn_00343,acc_chk_001,1350.00,USD,2026-11-01,Rent Payment,Capitol Hill Property Mgmt,Payment;Rent,false,online
txn_00344,acc_chk_001,90.00,USD,2026-11-01,RTD EcoPass,RTD Denver,Travel;Public Transit,false,in store
txn_00345,acc_chk_001,55.00,USD,2026-11-02,AT&T Mobility,AT&T,Service;Telecommunication,false,online
txn_00346,acc_chk_001,11.99,USD,2026-11-03,Spotify Premium,Spotify,Service;Subscription,false,online
txn_00347,acc_chk_001,18.00,USD,2026-11-03,Lemonade Renters Insurance,Lemonade,Service;Insurance,false,online
txn_00348,acc_chk_001,3247.63,USD,2026-11-01,Direct Deposit Payroll,Stonebridge Healthcare,Transfer;Payroll,false,other
txn_00349,acc_chk_001,3247.63,USD,2026-11-15,Direct Deposit Payroll,Stonebridge Healthcare,Transfer;Payroll,false,other
txn_00350,acc_chk_001,59.73,USD,2026-11-20,Groceries,Trader Joe's,Food and Drink;Groceries,false,in store
txn_00351,acc_chk_001,23.44,USD,2026-11-13,Tattered Cover,Tattered Cover,Shops;Bookstores,false,in store
txn_00352,acc_chk_001,31.95,USD,2026-11-11,Rincon Coffee,Rincon Coffee,Food and Drink;Coffee Shop,false,in store
txn_00353,acc_chk_001,22.02,USD,2026-11-22,Tattered Cover,Tattered Cover,Shops;Bookstores,false,in store
txn_00354,acc_chk_001,49.14,USD,2026-11-18,REI,REI Denver,Shops;Sporting Goods,false,in store
txn_00355,acc_chk_001,44.40,USD,2026-11-04,DoorDash,DoorDash,Food and Drink;Restaurants,false,online
txn_00356,acc_chk_001,28.12,USD,2026-11-13,REI,REI Denver,Shops;Sporting Goods,false,in store
txn_00357,acc_chk_001,33.35,USD,2026-11-27,Uber Trip,Uber,Travel;Ride Share,false,online
txn_00358,acc_chk_001,77.33,USD,2026-11-27,Groceries,Aurora Latin Grocery,Food and Drink;Groceries,false,in store
txn_00359,acc_chk_001,61.49,USD,2026-11-22,Groceries,Aurora Latin Grocery,Food and Drink;Groceries,false,in store
txn_00360,acc_chk_001,22.10,USD,2026-11-14,Rincon Coffee,Rincon Coffee,Food and Drink;Coffee Shop,false,in store
txn_00361,acc_chk_001,29.15,USD,2026-11-27,Uber Trip,Uber,Travel;Ride Share,false,online
txn_00362,acc_chk_001,20.19,USD,2026-11-12,Tattered Cover,Tattered Cover,Shops;Bookstores,false,in store
txn_00363,acc_chk_001,83.58,USD,2026-11-16,Groceries,Trader Joe's,Food and Drink;Groceries,false,in store
txn_00364,acc_chk_001,37.94,USD,2026-11-09,Groceries,King Soopers,Food and Drink;Groceries,false,in store
txn_00365,acc_chk_001,78.61,USD,2026-11-16,Groceries,Trader Joe's,Food and Drink;Groceries,false,in store
txn_00366,acc_chk_001,63.20,USD,2026-11-27,REI,REI Denver,Shops;Sporting Goods,false,in store
txn_00367,acc_chk_001,40.30,USD,2026-11-06,Instacart,Instacart,Food and Drink;Groceries,false,online
txn_00368,acc_chk_001,75.02,USD,2026-11-05,Groceries,King Soopers,Food and Drink;Groceries,false,in store
txn_00369,acc_chk_001,37.31,USD,2026-11-04,Uber Trip,Uber,Travel;Ride Share,false,online
txn_00370,acc_chk_001,58.96,USD,2026-11-17,Instacart,Instacart,Food and Drink;Groceries,false,online
txn_00371,acc_chk_001,51.86,USD,2026-11-21,Instacart,Instacart,Food and Drink;Groceries,false,online
txn_00372,acc_chk_001,43.98,USD,2026-11-22,DoorDash,DoorDash,Food and Drink;Restaurants,false,online
txn_00373,acc_chk_001,28.34,USD,2026-11-14,Uber Trip,Uber,Travel;Ride Share,false,online
txn_00374,acc_chk_001,44.81,USD,2026-11-06,Uber Trip,Uber,Travel;Ride Share,false,online
txn_00375,acc_chk_001,86.30,USD,2026-11-06,Groceries,Trader Joe's,Food and Drink;Groceries,false,in store
txn_00376,acc_chk_001,198.00,USD,2026-08-24,Southwest Airlines,Southwest,Travel;Airlines,false,online
txn_00377,acc_chk_001,278.00,USD,2026-10-12,Southwest Airlines,Southwest,Travel;Airlines,false,online
txn_00378,acc_chk_001,95.00,USD,2026-11-14,Cherry Creek Dental,Cherry Creek Dental,Healthcare;Dental,false,in store
txn_00379,acc_chk_001,347.82,USD,2026-11-15,MOHELA Loan Payment,MOHELA,Payment;Loan,false,online
txn_00380,acc_chk_001,88.40,USD,2026-11-21,Val Visit Denver,Various Denver,Food and Drink;Restaurants,false,in store
txn_00381,acc_chk_001,45.00,USD,2026-11-27,Etsy Papel Picado,Etsy,Shops;Gifts,false,online
txn_00382,acc_chk_001,37.17,USD,2026-09-04,DoorDash,DoorDash,Food and Drink;Restaurants,false,online
txn_00383,acc_chk_001,3247.63,USD,2026-09-19,Direct Deposit Payroll,Stonebridge Healthcare,Transfer;Payroll,false,other
txn_00384,acc_chk_001,1350.00,USD,2026-02-01,Rent Payment,Capitol Hill Property Mgmt,Payment;Rent,false,online
txn_00385,acc_chk_001,41.24,USD,2026-11-01,Uber Trip,Uber,Travel;Ride Share,false,online
txn_00386,acc_chk_001,3247.63,USD,2026-06-13,Direct Deposit Payroll,Stonebridge Healthcare,Transfer;Payroll,false,other
txn_00387,acc_chk_001,36.54,USD,2026-07-09,Uber Trip,Uber,Travel;Ride Share,false,online
txn_00388,acc_chk_001,37.94,USD,2026-06-19,Groceries,King Soopers,Food and Drink;Groceries,false,in store
txn_00389,acc_chk_001,29.03,USD,2026-06-20,Rincon Coffee,Rincon Coffee,Food and Drink;Coffee Shop,false,in store
txn_00390,acc_chk_001,19.26,USD,2026-07-08,DoorDash,DoorDash,Food and Drink;Restaurants,false,online
txn_00391,acc_chk_001,78.06,USD,2026-08-26,Instacart,Instacart,Food and Drink;Groceries,false,online
txn_00392,acc_chk_001,29.05,USD,2026-09-12,DoorDash,DoorDash,Food and Drink;Restaurants,false,online
txn_00393,acc_chk_001,19.55,USD,2026-07-21,Tattered Cover,Tattered Cover,Shops;Bookstores,false,in store
txn_00394,acc_chk_001,80.73,USD,2026-04-22,Groceries,King Soopers,Food and Drink;Groceries,false,in store
txn_00395,acc_chk_001,40.30,USD,2026-06-17,Instacart,Instacart,Food and Drink;Groceries,false,online
txn_00396,acc_chk_001,82.47,USD,2026-08-24,Groceries,Trader Joe's,Food and Drink;Groceries,false,in store
txn_00397,acc_chk_001,21.31,USD,2026-08-18,Tattered Cover,Tattered Cover,Shops;Bookstores,false,in store
txn_00398,acc_chk_001,24.50,USD,2026-11-18,DoorDash,DoorDash,Food and Drink;Restaurants,false,online
txn_00399,acc_chk_001,80.73,USD,2026-08-18,Groceries,King Soopers,Food and Drink;Groceries,false,in store
txn_00400,acc_chk_001,19.01,USD,2026-10-02,Tattered Cover,Tattered Cover,Shops;Bookstores,false,in store
txn_00401,acc_chk_001,75.02,USD,2026-01-24,Groceries,King Soopers,Food and Drink;Groceries,false,in store
txn_00402,acc_chk_001,1350.00,USD,2026-01-04,Rent Payment,Capitol Hill Property Mgmt,Payment;Rent,false,online
txn_00403,acc_chk_001,20.92,USD,2026-05-07,Tattered Cover,Tattered Cover,Shops;Bookstores,false,in store
txn_00404,acc_chk_001,46.43,USD,2026-09-04,Groceries,King Soopers,Food and Drink;Groceries,false,in store
txn_00405,acc_chk_001,31.95,USD,2026-08-09,Rincon Coffee,Rincon Coffee,Food and Drink;Coffee Shop,false,in store
txn_00406,acc_chk_001,18.00,USD,2026-06-12,Lemonade Renters Insurance,Lemonade,Service;Insurance,false,online
txn_00407,acc_chk_001,86.30,USD,2026-03-25,Groceries,Trader Joe's,Food and Drink;Groceries,false,in store
txn_00408,acc_chk_001,40.08,USD,2026-10-18,DoorDash,DoorDash,Food and Drink;Restaurants,false,online
txn_00409,acc_chk_001,37.27,USD,2026-04-29,Groceries,Aurora Latin Grocery,Food and Drink;Groceries,false,in store
txn_00410,acc_chk_001,25.99,USD,2026-05-10,Rincon Coffee,Rincon Coffee,Food and Drink;Coffee Shop,false,in store
txn_00411,acc_chk_001,90.00,USD,2026-07-22,RTD EcoPass,RTD Denver,Travel;Public Transit,false,in store
