id,page_id,name,prefix
300101,100202,authoritative,global
300102,100202,salesforce,global
300103,100203,shifts,global
300104,100301,retention,global
300105,100401,policy,global
400400,100201,shifts,global
400401,100202,shifts,global
400402,100203,shifts,global
400403,100301,shifts,global
400404,100401,shifts,global
400405,100201,aid,global
400406,100202,aid,global
400407,100203,aid,global
400408,100301,aid,global
400409,100401,aid,global
400410,100201,midterm,global
400411,100202,midterm,global
400412,100203,midterm,global
400413,100301,midterm,global
400414,100401,midterm,global
400415,100201,housing,global
400416,100202,housing,global
400417,100203,housing,global
400418,100301,housing,global
400419,100401,housing,global
400420,100201,budget,global
400421,100202,budget,global
400422,100203,budget,global
400423,100301,budget,global
400424,100401,budget,global
400425,100201,family,global
400426,100202,family,global
400427,100203,family,global
400428,100301,family,global
400429,100401,family,global
400430,100201,church,global
400431,100202,church,global
400432,100203,church,global
400433,100301,church,global
400434,100401,church,global
400435,100201,study,global
400436,100202,study,global
400437,100203,study,global
400438,100301,study,global
400439,100401,study,global
400440,100201,career,global
400441,100202,career,global
400442,100203,career,global
400443,100301,career,global
400444,100401,career,global
400445,100201,policy,global
400446,100202,policy,global
400447,100203,policy,global
400448,100301,policy,global
400449,100401,policy,global
400450,100201,authoritative,global
400451,100202,authoritative,global
400452,100203,authoritative,global
400453,100301,authoritative,global
400454,100401,authoritative,global
400455,100201,salesforce,global
400456,100202,salesforce,global
400457,100203,salesforce,global
400458,100301,salesforce,global
400459,100401,salesforce,global
400460,100201,hubspot,global
400461,100202,hubspot,global
400462,100203,hubspot,global
400463,100301,hubspot,global
400464,100401,hubspot,global
400465,100201,airtable-legacy,global
400466,100202,airtable-legacy,global
400467,100203,airtable-legacy,global
400468,100301,airtable-legacy,global
400469,100401,airtable-legacy,global
400470,100201,docusign,global
400471,100202,docusign,global
400472,100203,docusign,global
400473,100301,docusign,global
400474,100401,docusign,global
400475,100201,advising,global
400476,100202,advising,global
400477,100203,advising,global
400478,100301,advising,global
400479,100401,advising,global
400480,100201,spring27,global
400481,100202,spring27,global
400482,100203,spring27,global
400483,100301,spring27,global
400484,100401,spring27,global
400485,100201,winter,global
400486,100202,winter,global
400487,100203,winter,global
400488,100301,winter,global
400489,100401,winter,global
400490,100201,cashflow,global
400491,100202,cashflow,global
400492,100203,cashflow,global
400493,100301,cashflow,global
400494,100401,cashflow,global
400495,100201,nursing,global
400496,100202,nursing,global
400497,100203,nursing,global
400498,100301,nursing,global
400499,100401,nursing,global
400500,100201,pharm,global
400501,100202,pharm,global
400502,100203,pharm,global
400503,100301,pharm,global
400504,100401,pharm,global
400505,100201,ha,global
400506,100202,ha,global
400507,100203,ha,global
400508,100301,ha,global
400509,100401,ha,global
400510,100201,anatomy,global
400511,100202,anatomy,global
400512,100203,anatomy,global
400513,100301,anatomy,global
400514,100401,anatomy,global
400515,100201,MARTA,global
400516,100202,MARTA,global
400517,100203,MARTA,global
400518,100301,MARTA,global
400519,100401,MARTA,global
400520,100201,textbook,global
400521,100202,textbook,global
400522,100203,textbook,global
400523,100301,textbook,global
400524,100401,textbook,global
400525,100201,sim,global
400526,100202,sim,global
400527,100203,sim,global
400528,100301,sim,global
400529,100401,sim,global
400530,100201,clinic,global
400531,100202,clinic,global
400532,100203,clinic,global
400533,100301,clinic,global
400534,100401,clinic,global
400535,100201,peer,global
400536,100202,peer,global
400537,100203,peer,global
400538,100301,peer,global
400539,100401,peer,global
400540,100201,mentor,global
400541,100202,mentor,global
400542,100203,mentor,global
400543,100301,mentor,global
400544,100401,mentor,global
