id,thread_id,from_addr,to_addr,cc_addr,subject,snippet,body,date,internal_date,size_estimate,labels,is_unread,is_starred
msg_00000,thr_00000,Diane Howell <dhowell@nps.gov>,clark.jessup.mt@gmail.com,neil.petrovic.mt@gmail.com,Winter interp package - Dec 4 planning session,Clark - looking forward to your winter interp package by Dec 3. This ties into the advancement conversation. -Diane,Clark - looking forward to your winter interp package by Dec 3. This ties into the advancement conversation. -Diane,2026-03-24T22:19:00Z,1730000000000,1200,Grants/WAITA,True,True
msg_00001,thr_00001,Neil Petrovic <neil.petrovic.mt@gmail.com>,clark.jessup.mt@gmail.com,,Sat climb weather window?,"Kootenai forecast looks OK Saturday, ridgeline winds forecast 15-20. You in? -Neil","Kootenai forecast looks OK Saturday, ridgeline winds forecast 15-20. You in? -Neil",2025-10-30T03:12:00Z,1730003600000,1203,INBOX,False,False
msg_00002,thr_00002,Josie Firth <josie.firth.whitefish@gmail.com>,clark.jessup.mt@gmail.com,,Whitefish Divide - ice conditions,Ridge is glazed. Crampons needed. Bring the shorter pickets. -Josie,Ridge is glazed. Crampons needed. Bring the shorter pickets. -Josie,2026-05-27T10:59:00Z,1730007200000,1206,INBOX,False,False
msg_00003,thr_00003,Emma Jessup <emma.jessup.helena@gmail.com>,clark.jessup.mt@gmail.com,,Aiden's hiking photos - Dropbox,Uploaded Aiden's Elephant Peak set. Sophie added drawings too. -Em,Uploaded Aiden's Elephant Peak set. Sophie added drawings too. -Em,2026-03-17T15:06:00Z,1730010800000,1209,Family,False,False
msg_00004,thr_00004,Glen Jessup <glen.jessup.msla@gmail.com>,clark.jessup.mt@gmail.com,,Fishing Sat - Rock Creek?,"Weather's supposed to hold. Same as last time, meet at the pullout by 8. -Dad","Weather's supposed to hold. Same as last time, meet at the pullout by 8. -Dad",2026-05-13T01:32:00Z,1730014400000,1212,Family,False,False
msg_00005,thr_00005,Northwest Medical Supply <orders@nwmedsupply.com>,clark.jessup.mt@gmail.com,neil.petrovic.mt@gmail.com,CPAP quarterly shipment - FedEx tracking,Your quarterly ResMed supplies shipped FedEx today.,Your quarterly ResMed supplies shipped FedEx today.,2025-11-29T07:58:00Z,1730018000000,1215,INBOX,False,False
msg_00006,thr_00006,Rosauers Rewards <rewards@rosauers.com>,clark.jessup.mt@gmail.com,,Weekly digital coupons - Kalispell store,This week's specials for Kalispell store #14.,This week's specials for Kalispell store #14.,2026-04-16T16:33:00Z,1730021600000,1218,INBOX,False,False
msg_00007,thr_00007,Diane Howell <dhowell@nps.gov>,clark.jessup.mt@gmail.com,,FYI - Q4 division planning session moved to 12/4,Reminder: division planning session firmed up for Dec 4. Your slot: 10-11 AM.,Reminder: division planning session firmed up for Dec 4. Your slot: 10-11 AM.,2026-11-07T12:56:00Z,1730025200000,1221,Grants/WAITA,True,False
msg_00008,thr_00008,Backcountry Photog Slack <no-reply@slack.com>,clark.jessup.mt@gmail.com,,3 replies on your trip report: 'Nov Highline conditions',"Reply thread updates from Priya, Rachel, and Ted.","Reply thread updates from Priya, Rachel, and Ted.",2026-08-16T11:38:00Z,1730028800000,1224,INBOX,False,False
msg_00009,thr_00009,REI Orders <orders@rei.com>,clark.jessup.mt@gmail.com,,Order shipped - Patagonia R2 fleece,"Your Patagonia R2 (M, Woolly Blue) shipped today.","Your Patagonia R2 (M, Woolly Blue) shipped today.",2026-07-17T01:04:00Z,1730032400000,1227,INBOX,False,False
msg_00010,thr_00010,Patagonia <orders@patagonia.com>,clark.jessup.mt@gmail.com,neil.petrovic.mt@gmail.com,Warranty repair complete - shell jacket,Your Torrentshell repair is complete and shipping back.,Your Torrentshell repair is complete and shipping back.,2026-03-11T03:55:00Z,1730036000000,1230,INBOX,False,False
msg_00011,thr_00011,Bookshelf Kalispell <hello@bookshelfkalispell.com>,clark.jessup.mt@gmail.com,,Special order in: Braiding Sweetgrass (Kimmerer),Your special order arrived. Ready for pickup this week.,Your special order arrived. Ready for pickup this week.,2026-01-15T03:45:00Z,1730039600000,1233,INBOX,False,False
msg_00012,thr_00012,Ranger Diane Howell <dhowell@nps.gov>,clark.jessup.mt@gmail.com,,Please loop me on route reconciliation approach,Send me the working notes when you have them.,Send me the working notes when you have them.,2026-09-16T06:35:00Z,1730043200000,1236,Grants/WAITA,False,False
msg_00013,thr_00013,Neil Petrovic <neil.petrovic.mt@gmail.com>,clark.jessup.mt@gmail.com,,Shift coverage - Dec 12 evening program?,Can you cover my evening slot Dec 12 in exchange?,Can you cover my evening slot Dec 12 in exchange?,2026-05-13T08:54:00Z,1730046800000,1239,INBOX,False,True
msg_00014,thr_00014,Ted McAllister <ted.mcallister@gmail.com>,clark.jessup.mt@gmail.com,,Yellowstone route logs archive - box link,Sent you the 2019-2022 Box link with the reconciled route notes.,Sent you the 2019-2022 Box link with the reconciled route notes.,2026-06-01T02:55:00Z,1730050400000,1242,INBOX,True,False
msg_00015,thr_00015,Priya Sundaram <priya.sundaram@gmail.com>,clark.jessup.mt@gmail.com,neil.petrovic.mt@gmail.com,Dark-sky forecast for Dec 4 Waxing Cresent event,Weather looks marginal - checking Dec 5 backup.,Weather looks marginal - checking Dec 5 backup.,2025-11-11T12:58:00Z,1730054000000,1245,INBOX,False,False
msg_00016,thr_00016,Amelia Chen <amelia.chen.photo@gmail.com>,clark.jessup.mt@gmail.com,,Missoula print show wrap-up - your night sky prints,Show wrapped. Four of your prints sold. Check attached inventory.,Show wrapped. Four of your prints sold. Check attached inventory.,2026-09-05T18:35:00Z,1730057600000,1248,INBOX,False,False
msg_00017,thr_00017,Bookshelf Kalispell <hello@bookshelfkalispell.com>,clark.jessup.mt@gmail.com,,Robin Wall Kimmerer author event - Feb 2027,"Kimmerer scheduled in Missoula Feb 24, 2027. Want a hold on tickets?","Kimmerer scheduled in Missoula Feb 24, 2027. Want a hold on tickets?",2026-01-04T03:52:00Z,1730061200000,1251,INBOX,False,False
msg_00018,thr_00018,Glacier Federal Credit Union <alerts@glacierfcu.org>,clark.jessup.mt@gmail.com,,Monthly statement available,Your monthly statement is ready to view via the member portal.,Your monthly statement is ready to view via the member portal.,2026-09-28T17:52:00Z,1730064800000,1254,INBOX,False,False
msg_00019,thr_00019,Dr. Ben Alvarado <balvarado@flatheadfp.com>,clark.jessup.mt@gmail.com,,Annual physical - reminder to schedule,It's been about 11 months. Please schedule at your convenience.,It's been about 11 months. Please schedule at your convenience.,2026-09-04T14:32:00Z,1730068400000,1257,INBOX,False,False
msg_00020,thr_00020,Diane Howell <dhowell@nps.gov>,clark.jessup.mt@gmail.com,neil.petrovic.mt@gmail.com,Winter interp package - Dec 4 planning session (thread 1),Clark - looking forward to your winter interp package by Dec 3. This ties into the advancement conversation. -Diane,Clark - looking forward to your winter interp package by Dec 3. This ties into the advancement conversation. -Diane,2026-07-31T23:18:00Z,1730072000000,1260,Grants/WAITA,False,False
msg_00021,thr_00021,Neil Petrovic <neil.petrovic.mt@gmail.com>,clark.jessup.mt@gmail.com,,Sat climb weather window? (thread 1),"Kootenai forecast looks OK Saturday, ridgeline winds forecast 15-20. You in? -Neil","Kootenai forecast looks OK Saturday, ridgeline winds forecast 15-20. You in? -Neil",2026-09-14T16:17:00Z,1730075600000,1263,INBOX,True,False
msg_00022,thr_00022,Josie Firth <josie.firth.whitefish@gmail.com>,clark.jessup.mt@gmail.com,,Whitefish Divide - ice conditions (thread 1),Ridge is glazed. Crampons needed. Bring the shorter pickets. -Josie,Ridge is glazed. Crampons needed. Bring the shorter pickets. -Josie,2026-09-06T14:22:00Z,1730079200000,1266,INBOX,False,False
msg_00023,thr_00023,Emma Jessup <emma.jessup.helena@gmail.com>,clark.jessup.mt@gmail.com,,Aiden's hiking photos - Dropbox (thread 1),Uploaded Aiden's Elephant Peak set. Sophie added drawings too. -Em,Uploaded Aiden's Elephant Peak set. Sophie added drawings too. -Em,2025-10-15T23:19:00Z,1730082800000,1269,Family,False,False
msg_00024,thr_00024,Glen Jessup <glen.jessup.msla@gmail.com>,clark.jessup.mt@gmail.com,,Fishing Sat - Rock Creek? (thread 1),"Weather's supposed to hold. Same as last time, meet at the pullout by 8. -Dad","Weather's supposed to hold. Same as last time, meet at the pullout by 8. -Dad",2026-07-09T17:11:00Z,1730086400000,1272,Family,False,False
msg_00025,thr_00025,Northwest Medical Supply <orders@nwmedsupply.com>,clark.jessup.mt@gmail.com,neil.petrovic.mt@gmail.com,CPAP quarterly shipment - FedEx tracking (thread 1),Your quarterly ResMed supplies shipped FedEx today.,Your quarterly ResMed supplies shipped FedEx today.,2026-04-23T07:01:00Z,1730090000000,1275,INBOX,False,False
msg_00026,thr_00026,Rosauers Rewards <rewards@rosauers.com>,clark.jessup.mt@gmail.com,,Weekly digital coupons - Kalispell store (thread 1),This week's specials for Kalispell store #14.,This week's specials for Kalispell store #14.,2026-10-04T06:04:00Z,1730093600000,1278,INBOX,False,True
msg_00027,thr_00027,Diane Howell <dhowell@nps.gov>,clark.jessup.mt@gmail.com,,FYI - Q4 division planning session moved to 12/4 (thread 1),Reminder: division planning session firmed up for Dec 4. Your slot: 10-11 AM.,Reminder: division planning session firmed up for Dec 4. Your slot: 10-11 AM.,2026-06-21T11:16:00Z,1730097200000,1281,Grants/WAITA,False,False
msg_00028,thr_00028,Backcountry Photog Slack <no-reply@slack.com>,clark.jessup.mt@gmail.com,,3 replies on your trip report: 'Nov Highline conditions' (thread 1),"Reply thread updates from Priya, Rachel, and Ted.","Reply thread updates from Priya, Rachel, and Ted.",2026-11-05T01:09:00Z,1730100800000,1284,INBOX,True,False
msg_00029,thr_00029,REI Orders <orders@rei.com>,clark.jessup.mt@gmail.com,,Order shipped - Patagonia R2 fleece (thread 1),"Your Patagonia R2 (M, Woolly Blue) shipped today.","Your Patagonia R2 (M, Woolly Blue) shipped today.",2026-01-16T19:45:00Z,1730104400000,1287,INBOX,False,False
msg_00030,thr_00030,Patagonia <orders@patagonia.com>,clark.jessup.mt@gmail.com,neil.petrovic.mt@gmail.com,Warranty repair complete - shell jacket (thread 1),Your Torrentshell repair is complete and shipping back.,Your Torrentshell repair is complete and shipping back.,2026-09-17T22:58:00Z,1730108000000,1290,INBOX,False,False
msg_00031,thr_00031,Bookshelf Kalispell <hello@bookshelfkalispell.com>,clark.jessup.mt@gmail.com,,Special order in: Braiding Sweetgrass (Kimmerer) (thread 1),Your special order arrived. Ready for pickup this week.,Your special order arrived. Ready for pickup this week.,2026-05-04T12:50:00Z,1730111600000,1293,INBOX,False,False
msg_00032,thr_00032,Ranger Diane Howell <dhowell@nps.gov>,clark.jessup.mt@gmail.com,,Please loop me on route reconciliation approach (thread 1),Send me the working notes when you have them.,Send me the working notes when you have them.,2026-10-31T19:04:00Z,1730115200000,1296,Grants/WAITA,False,False
msg_00033,thr_00033,Neil Petrovic <neil.petrovic.mt@gmail.com>,clark.jessup.mt@gmail.com,,Shift coverage - Dec 12 evening program? (thread 1),Can you cover my evening slot Dec 12 in exchange?,Can you cover my evening slot Dec 12 in exchange?,2026-07-28T19:53:00Z,1730118800000,1299,INBOX,False,False
msg_00034,thr_00034,Ted McAllister <ted.mcallister@gmail.com>,clark.jessup.mt@gmail.com,,Yellowstone route logs archive - box link (thread 1),Sent you the 2019-2022 Box link with the reconciled route notes.,Sent you the 2019-2022 Box link with the reconciled route notes.,2026-05-16T20:01:00Z,1730122400000,1302,INBOX,False,False
msg_00035,thr_00035,Priya Sundaram <priya.sundaram@gmail.com>,clark.jessup.mt@gmail.com,neil.petrovic.mt@gmail.com,Dark-sky forecast for Dec 4 Waxing Cresent event (thread 1),Weather looks marginal - checking Dec 5 backup.,Weather looks marginal - checking Dec 5 backup.,2026-02-03T04:02:00Z,1730126000000,1305,INBOX,True,False
msg_00036,thr_00036,Amelia Chen <amelia.chen.photo@gmail.com>,clark.jessup.mt@gmail.com,,Missoula print show wrap-up - your night sky prints (thread 1),Show wrapped. Four of your prints sold. Check attached inventory.,Show wrapped. Four of your prints sold. Check attached inventory.,2026-08-28T13:09:00Z,1730129600000,1308,INBOX,False,False
msg_00037,thr_00037,Bookshelf Kalispell <hello@bookshelfkalispell.com>,clark.jessup.mt@gmail.com,,Robin Wall Kimmerer author event - Feb 2027 (thread 1),"Kimmerer scheduled in Missoula Feb 24, 2027. Want a hold on tickets?","Kimmerer scheduled in Missoula Feb 24, 2027. Want a hold on tickets?",2026-06-04T14:18:00Z,1730133200000,1311,INBOX,False,False
msg_00038,thr_00038,Glacier Federal Credit Union <alerts@glacierfcu.org>,clark.jessup.mt@gmail.com,,Monthly statement available (thread 1),Your monthly statement is ready to view via the member portal.,Your monthly statement is ready to view via the member portal.,2025-10-26T23:31:00Z,1730136800000,1314,INBOX,False,False
msg_00039,thr_00039,Dr. Ben Alvarado <balvarado@flatheadfp.com>,clark.jessup.mt@gmail.com,,Annual physical - reminder to schedule (thread 1),It's been about 11 months. Please schedule at your convenience.,It's been about 11 months. Please schedule at your convenience.,2025-12-12T08:57:00Z,1730140400000,1317,INBOX,False,True
msg_00040,thr_00040,Diane Howell <dhowell@nps.gov>,clark.jessup.mt@gmail.com,neil.petrovic.mt@gmail.com,Winter interp package - Dec 4 planning session (thread 2),Clark - looking forward to your winter interp package by Dec 3. This ties into the advancement conversation. -Diane,Clark - looking forward to your winter interp package by Dec 3. This ties into the advancement conversation. -Diane,2026-09-13T17:35:00Z,1730144000000,1320,Grants/WAITA,False,False
msg_00041,thr_00041,Neil Petrovic <neil.petrovic.mt@gmail.com>,clark.jessup.mt@gmail.com,,Sat climb weather window? (thread 2),"Kootenai forecast looks OK Saturday, ridgeline winds forecast 15-20. You in? -Neil","Kootenai forecast looks OK Saturday, ridgeline winds forecast 15-20. You in? -Neil",2026-04-17T05:46:00Z,1730147600000,1323,INBOX,False,False
msg_00042,thr_00042,Josie Firth <josie.firth.whitefish@gmail.com>,clark.jessup.mt@gmail.com,,Whitefish Divide - ice conditions (thread 2),Ridge is glazed. Crampons needed. Bring the shorter pickets. -Josie,Ridge is glazed. Crampons needed. Bring the shorter pickets. -Josie,2025-11-10T09:12:00Z,1730151200000,1326,INBOX,True,False
msg_00043,thr_00043,Emma Jessup <emma.jessup.helena@gmail.com>,clark.jessup.mt@gmail.com,,Aiden's hiking photos - Dropbox (thread 2),Uploaded Aiden's Elephant Peak set. Sophie added drawings too. -Em,Uploaded Aiden's Elephant Peak set. Sophie added drawings too. -Em,2026-04-20T18:09:00Z,1730154800000,1329,Family,False,False
msg_00044,thr_00044,Glen Jessup <glen.jessup.msla@gmail.com>,clark.jessup.mt@gmail.com,,Fishing Sat - Rock Creek? (thread 2),"Weather's supposed to hold. Same as last time, meet at the pullout by 8. -Dad","Weather's supposed to hold. Same as last time, meet at the pullout by 8. -Dad",2025-10-26T01:05:00Z,1730158400000,1332,Family,False,False
msg_00045,thr_00045,Northwest Medical Supply <orders@nwmedsupply.com>,clark.jessup.mt@gmail.com,neil.petrovic.mt@gmail.com,CPAP quarterly shipment - FedEx tracking (thread 2),Your quarterly ResMed supplies shipped FedEx today.,Your quarterly ResMed supplies shipped FedEx today.,2025-11-09T18:17:00Z,1730162000000,1335,INBOX,False,False
msg_00046,thr_00046,Rosauers Rewards <rewards@rosauers.com>,clark.jessup.mt@gmail.com,,Weekly digital coupons - Kalispell store (thread 2),This week's specials for Kalispell store #14.,This week's specials for Kalispell store #14.,2026-04-27T21:09:00Z,1730165600000,1338,INBOX,False,False
msg_00047,thr_00047,Diane Howell <dhowell@nps.gov>,clark.jessup.mt@gmail.com,,FYI - Q4 division planning session moved to 12/4 (thread 2),Reminder: division planning session firmed up for Dec 4. Your slot: 10-11 AM.,Reminder: division planning session firmed up for Dec 4. Your slot: 10-11 AM.,2026-10-12T11:58:00Z,1730169200000,1341,Grants/WAITA,False,False
msg_00048,thr_00048,Backcountry Photog Slack <no-reply@slack.com>,clark.jessup.mt@gmail.com,,3 replies on your trip report: 'Nov Highline conditions' (thread 2),"Reply thread updates from Priya, Rachel, and Ted.","Reply thread updates from Priya, Rachel, and Ted.",2026-07-31T06:09:00Z,1730172800000,1344,INBOX,False,False
msg_00049,thr_00049,REI Orders <orders@rei.com>,clark.jessup.mt@gmail.com,,Order shipped - Patagonia R2 fleece (thread 2),"Your Patagonia R2 (M, Woolly Blue) shipped today.","Your Patagonia R2 (M, Woolly Blue) shipped today.",2026-06-18T10:07:00Z,1730176400000,1347,INBOX,True,False
msg_00050,thr_00050,Patagonia <orders@patagonia.com>,clark.jessup.mt@gmail.com,neil.petrovic.mt@gmail.com,Warranty repair complete - shell jacket (thread 2),Your Torrentshell repair is complete and shipping back.,Your Torrentshell repair is complete and shipping back.,2026-06-19T18:58:00Z,1730180000000,1350,INBOX,False,False
msg_00051,thr_00051,Bookshelf Kalispell <hello@bookshelfkalispell.com>,clark.jessup.mt@gmail.com,,Special order in: Braiding Sweetgrass (Kimmerer) (thread 2),Your special order arrived. Ready for pickup this week.,Your special order arrived. Ready for pickup this week.,2025-12-24T00:43:00Z,1730183600000,1353,INBOX,False,False
msg_00052,thr_00052,Ranger Diane Howell <dhowell@nps.gov>,clark.jessup.mt@gmail.com,,Please loop me on route reconciliation approach (thread 2),Send me the working notes when you have them.,Send me the working notes when you have them.,2026-10-07T00:03:00Z,1730187200000,1356,Grants/WAITA,False,True
msg_00053,thr_00053,Neil Petrovic <neil.petrovic.mt@gmail.com>,clark.jessup.mt@gmail.com,,Shift coverage - Dec 12 evening program? (thread 2),Can you cover my evening slot Dec 12 in exchange?,Can you cover my evening slot Dec 12 in exchange?,2025-10-23T20:14:00Z,1730190800000,1359,INBOX,False,False
msg_00054,thr_00054,Ted McAllister <ted.mcallister@gmail.com>,clark.jessup.mt@gmail.com,,Yellowstone route logs archive - box link (thread 2),Sent you the 2019-2022 Box link with the reconciled route notes.,Sent you the 2019-2022 Box link with the reconciled route notes.,2025-11-14T11:33:00Z,1730194400000,1362,INBOX,False,False
msg_00055,thr_00055,Priya Sundaram <priya.sundaram@gmail.com>,clark.jessup.mt@gmail.com,neil.petrovic.mt@gmail.com,Dark-sky forecast for Dec 4 Waxing Cresent event (thread 2),Weather looks marginal - checking Dec 5 backup.,Weather looks marginal - checking Dec 5 backup.,2025-11-14T01:25:00Z,1730198000000,1365,INBOX,False,False
msg_00056,thr_00056,Amelia Chen <amelia.chen.photo@gmail.com>,clark.jessup.mt@gmail.com,,Missoula print show wrap-up - your night sky prints (thread 2),Show wrapped. Four of your prints sold. Check attached inventory.,Show wrapped. Four of your prints sold. Check attached inventory.,2026-03-06T09:52:00Z,1730201600000,1368,INBOX,True,False
msg_00057,thr_00057,Bookshelf Kalispell <hello@bookshelfkalispell.com>,clark.jessup.mt@gmail.com,,Robin Wall Kimmerer author event - Feb 2027 (thread 2),"Kimmerer scheduled in Missoula Feb 24, 2027. Want a hold on tickets?","Kimmerer scheduled in Missoula Feb 24, 2027. Want a hold on tickets?",2026-09-10T18:46:00Z,1730205200000,1371,INBOX,False,False
msg_00058,thr_00058,Glacier Federal Credit Union <alerts@glacierfcu.org>,clark.jessup.mt@gmail.com,,Monthly statement available (thread 2),Your monthly statement is ready to view via the member portal.,Your monthly statement is ready to view via the member portal.,2026-03-24T19:08:00Z,1730208800000,1374,INBOX,False,False
msg_00059,thr_00059,Dr. Ben Alvarado <balvarado@flatheadfp.com>,clark.jessup.mt@gmail.com,,Annual physical - reminder to schedule (thread 2),It's been about 11 months. Please schedule at your convenience.,It's been about 11 months. Please schedule at your convenience.,2026-05-13T08:43:00Z,1730212400000,1377,INBOX,False,False
msg_00060,thr_00060,Diane Howell <dhowell@nps.gov>,clark.jessup.mt@gmail.com,neil.petrovic.mt@gmail.com,Winter interp package - Dec 4 planning session (thread 3),Clark - looking forward to your winter interp package by Dec 3. This ties into the advancement conversation. -Diane,Clark - looking forward to your winter interp package by Dec 3. This ties into the advancement conversation. -Diane,2025-11-27T22:10:00Z,1730216000000,1380,Grants/WAITA,False,False
msg_00061,thr_00061,Neil Petrovic <neil.petrovic.mt@gmail.com>,clark.jessup.mt@gmail.com,,Sat climb weather window? (thread 3),"Kootenai forecast looks OK Saturday, ridgeline winds forecast 15-20. You in? -Neil","Kootenai forecast looks OK Saturday, ridgeline winds forecast 15-20. You in? -Neil",2026-07-12T07:45:00Z,1730219600000,1383,INBOX,False,False
msg_00062,thr_00062,Josie Firth <josie.firth.whitefish@gmail.com>,clark.jessup.mt@gmail.com,,Whitefish Divide - ice conditions (thread 3),Ridge is glazed. Crampons needed. Bring the shorter pickets. -Josie,Ridge is glazed. Crampons needed. Bring the shorter pickets. -Josie,2026-09-28T20:07:00Z,1730223200000,1386,INBOX,False,False
msg_00063,thr_00063,Emma Jessup <emma.jessup.helena@gmail.com>,clark.jessup.mt@gmail.com,,Aiden's hiking photos - Dropbox (thread 3),Uploaded Aiden's Elephant Peak set. Sophie added drawings too. -Em,Uploaded Aiden's Elephant Peak set. Sophie added drawings too. -Em,2026-04-25T05:23:00Z,1730226800000,1389,Family,True,False
msg_00064,thr_00064,Glen Jessup <glen.jessup.msla@gmail.com>,clark.jessup.mt@gmail.com,,Fishing Sat - Rock Creek? (thread 3),"Weather's supposed to hold. Same as last time, meet at the pullout by 8. -Dad","Weather's supposed to hold. Same as last time, meet at the pullout by 8. -Dad",2026-10-28T20:04:00Z,1730230400000,1392,Family,False,False
msg_00065,thr_00065,Northwest Medical Supply <orders@nwmedsupply.com>,clark.jessup.mt@gmail.com,neil.petrovic.mt@gmail.com,CPAP quarterly shipment - FedEx tracking (thread 3),Your quarterly ResMed supplies shipped FedEx today.,Your quarterly ResMed supplies shipped FedEx today.,2026-03-25T00:12:00Z,1730234000000,1395,INBOX,False,True
msg_00066,thr_00066,Rosauers Rewards <rewards@rosauers.com>,clark.jessup.mt@gmail.com,,Weekly digital coupons - Kalispell store (thread 3),This week's specials for Kalispell store #14.,This week's specials for Kalispell store #14.,2026-05-09T09:24:00Z,1730237600000,1398,INBOX,False,False
msg_00067,thr_00067,Diane Howell <dhowell@nps.gov>,clark.jessup.mt@gmail.com,,FYI - Q4 division planning session moved to 12/4 (thread 3),Reminder: division planning session firmed up for Dec 4. Your slot: 10-11 AM.,Reminder: division planning session firmed up for Dec 4. Your slot: 10-11 AM.,2026-01-04T23:26:00Z,1730241200000,1401,Grants/WAITA,False,False
msg_00068,thr_00068,Backcountry Photog Slack <no-reply@slack.com>,clark.jessup.mt@gmail.com,,3 replies on your trip report: 'Nov Highline conditions' (thread 3),"Reply thread updates from Priya, Rachel, and Ted.","Reply thread updates from Priya, Rachel, and Ted.",2026-02-07T05:23:00Z,1730244800000,1404,INBOX,False,False
msg_00069,thr_00069,REI Orders <orders@rei.com>,clark.jessup.mt@gmail.com,,Order shipped - Patagonia R2 fleece (thread 3),"Your Patagonia R2 (M, Woolly Blue) shipped today.","Your Patagonia R2 (M, Woolly Blue) shipped today.",2026-05-14T13:06:00Z,1730248400000,1407,INBOX,False,False
msg_00070,thr_00070,Patagonia <orders@patagonia.com>,clark.jessup.mt@gmail.com,neil.petrovic.mt@gmail.com,Warranty repair complete - shell jacket (thread 3),Your Torrentshell repair is complete and shipping back.,Your Torrentshell repair is complete and shipping back.,2026-03-02T08:57:00Z,1730252000000,1410,INBOX,True,False
msg_00071,thr_00071,Bookshelf Kalispell <hello@bookshelfkalispell.com>,clark.jessup.mt@gmail.com,,Special order in: Braiding Sweetgrass (Kimmerer) (thread 3),Your special order arrived. Ready for pickup this week.,Your special order arrived. Ready for pickup this week.,2025-10-31T22:02:00Z,1730255600000,1413,INBOX,False,False
msg_00072,thr_00072,Ranger Diane Howell <dhowell@nps.gov>,clark.jessup.mt@gmail.com,,Please loop me on route reconciliation approach (thread 3),Send me the working notes when you have them.,Send me the working notes when you have them.,2026-08-19T11:00:00Z,1730259200000,1416,Grants/WAITA,False,False
msg_00073,thr_00073,Neil Petrovic <neil.petrovic.mt@gmail.com>,clark.jessup.mt@gmail.com,,Shift coverage - Dec 12 evening program? (thread 3),Can you cover my evening slot Dec 12 in exchange?,Can you cover my evening slot Dec 12 in exchange?,2026-07-31T03:36:00Z,1730262800000,1419,INBOX,False,False
msg_00074,thr_00074,Ted McAllister <ted.mcallister@gmail.com>,clark.jessup.mt@gmail.com,,Yellowstone route logs archive - box link (thread 3),Sent you the 2019-2022 Box link with the reconciled route notes.,Sent you the 2019-2022 Box link with the reconciled route notes.,2026-02-19T10:43:00Z,1730266400000,1422,INBOX,False,False
msg_00075,thr_00075,Priya Sundaram <priya.sundaram@gmail.com>,clark.jessup.mt@gmail.com,neil.petrovic.mt@gmail.com,Dark-sky forecast for Dec 4 Waxing Cresent event (thread 3),Weather looks marginal - checking Dec 5 backup.,Weather looks marginal - checking Dec 5 backup.,2026-05-23T03:08:00Z,1730270000000,1425,INBOX,False,False
msg_00076,thr_00076,Amelia Chen <amelia.chen.photo@gmail.com>,clark.jessup.mt@gmail.com,,Missoula print show wrap-up - your night sky prints (thread 3),Show wrapped. Four of your prints sold. Check attached inventory.,Show wrapped. Four of your prints sold. Check attached inventory.,2026-07-31T19:30:00Z,1730273600000,1428,INBOX,False,False
msg_00077,thr_00077,Bookshelf Kalispell <hello@bookshelfkalispell.com>,clark.jessup.mt@gmail.com,,Robin Wall Kimmerer author event - Feb 2027 (thread 3),"Kimmerer scheduled in Missoula Feb 24, 2027. Want a hold on tickets?","Kimmerer scheduled in Missoula Feb 24, 2027. Want a hold on tickets?",2025-10-24T03:07:00Z,1730277200000,1431,INBOX,True,False
msg_00078,thr_00078,Glacier Federal Credit Union <alerts@glacierfcu.org>,clark.jessup.mt@gmail.com,,Monthly statement available (thread 3),Your monthly statement is ready to view via the member portal.,Your monthly statement is ready to view via the member portal.,2026-04-13T06:03:00Z,1730280800000,1434,INBOX,False,True
msg_00079,thr_00079,Dr. Ben Alvarado <balvarado@flatheadfp.com>,clark.jessup.mt@gmail.com,,Annual physical - reminder to schedule (thread 3),It's been about 11 months. Please schedule at your convenience.,It's been about 11 months. Please schedule at your convenience.,2026-09-12T11:01:00Z,1730284400000,1437,INBOX,False,False
msg_00080,thr_00080,Diane Howell <dhowell@nps.gov>,clark.jessup.mt@gmail.com,neil.petrovic.mt@gmail.com,Winter interp package - Dec 4 planning session (thread 4),Clark - looking forward to your winter interp package by Dec 3. This ties into the advancement conversation. -Diane,Clark - looking forward to your winter interp package by Dec 3. This ties into the advancement conversation. -Diane,2026-01-04T10:09:00Z,1730288000000,1440,Grants/WAITA,False,False
msg_00081,thr_00081,Neil Petrovic <neil.petrovic.mt@gmail.com>,clark.jessup.mt@gmail.com,,Sat climb weather window? (thread 4),"Kootenai forecast looks OK Saturday, ridgeline winds forecast 15-20. You in? -Neil","Kootenai forecast looks OK Saturday, ridgeline winds forecast 15-20. You in? -Neil",2026-01-07T11:42:00Z,1730291600000,1443,INBOX,False,False
msg_00082,thr_00082,Josie Firth <josie.firth.whitefish@gmail.com>,clark.jessup.mt@gmail.com,,Whitefish Divide - ice conditions (thread 4),Ridge is glazed. Crampons needed. Bring the shorter pickets. -Josie,Ridge is glazed. Crampons needed. Bring the shorter pickets. -Josie,2026-06-07T04:34:00Z,1730295200000,1446,INBOX,False,False
msg_00083,thr_00083,Emma Jessup <emma.jessup.helena@gmail.com>,clark.jessup.mt@gmail.com,,Aiden's hiking photos - Dropbox (thread 4),Uploaded Aiden's Elephant Peak set. Sophie added drawings too. -Em,Uploaded Aiden's Elephant Peak set. Sophie added drawings too. -Em,2026-04-18T02:15:00Z,1730298800000,1449,Family,False,False
msg_00084,thr_00084,Glen Jessup <glen.jessup.msla@gmail.com>,clark.jessup.mt@gmail.com,,Fishing Sat - Rock Creek? (thread 4),"Weather's supposed to hold. Same as last time, meet at the pullout by 8. -Dad","Weather's supposed to hold. Same as last time, meet at the pullout by 8. -Dad",2026-08-08T19:24:00Z,1730302400000,1452,Family,True,False
msg_00085,thr_00085,Northwest Medical Supply <orders@nwmedsupply.com>,clark.jessup.mt@gmail.com,neil.petrovic.mt@gmail.com,CPAP quarterly shipment - FedEx tracking (thread 4),Your quarterly ResMed supplies shipped FedEx today.,Your quarterly ResMed supplies shipped FedEx today.,2025-11-28T00:26:00Z,1730306000000,1455,INBOX,False,False
msg_00086,thr_00086,Rosauers Rewards <rewards@rosauers.com>,clark.jessup.mt@gmail.com,,Weekly digital coupons - Kalispell store (thread 4),This week's specials for Kalispell store #14.,This week's specials for Kalispell store #14.,2025-12-04T20:52:00Z,1730309600000,1458,INBOX,False,False
msg_00087,thr_00087,Diane Howell <dhowell@nps.gov>,clark.jessup.mt@gmail.com,,FYI - Q4 division planning session moved to 12/4 (thread 4),Reminder: division planning session firmed up for Dec 4. Your slot: 10-11 AM.,Reminder: division planning session firmed up for Dec 4. Your slot: 10-11 AM.,2026-02-01T15:22:00Z,1730313200000,1461,Grants/WAITA,False,False
msg_00088,thr_00088,Backcountry Photog Slack <no-reply@slack.com>,clark.jessup.mt@gmail.com,,3 replies on your trip report: 'Nov Highline conditions' (thread 4),"Reply thread updates from Priya, Rachel, and Ted.","Reply thread updates from Priya, Rachel, and Ted.",2025-11-29T12:22:00Z,1730316800000,1464,INBOX,False,False
msg_00089,thr_00089,REI Orders <orders@rei.com>,clark.jessup.mt@gmail.com,,Order shipped - Patagonia R2 fleece (thread 4),"Your Patagonia R2 (M, Woolly Blue) shipped today.","Your Patagonia R2 (M, Woolly Blue) shipped today.",2025-10-26T07:53:00Z,1730320400000,1467,INBOX,False,False
msg_00090,thr_00090,Patagonia <orders@patagonia.com>,clark.jessup.mt@gmail.com,neil.petrovic.mt@gmail.com,Warranty repair complete - shell jacket (thread 4),Your Torrentshell repair is complete and shipping back.,Your Torrentshell repair is complete and shipping back.,2025-10-26T04:54:00Z,1730324000000,1470,INBOX,False,False
msg_00091,thr_00091,Bookshelf Kalispell <hello@bookshelfkalispell.com>,clark.jessup.mt@gmail.com,,Special order in: Braiding Sweetgrass (Kimmerer) (thread 4),Your special order arrived. Ready for pickup this week.,Your special order arrived. Ready for pickup this week.,2026-04-06T01:51:00Z,1730327600000,1473,INBOX,True,True
msg_00092,thr_00092,Ranger Diane Howell <dhowell@nps.gov>,clark.jessup.mt@gmail.com,,Please loop me on route reconciliation approach (thread 4),Send me the working notes when you have them.,Send me the working notes when you have them.,2026-09-25T13:43:00Z,1730331200000,1476,Grants/WAITA,False,False
msg_00093,thr_00093,Neil Petrovic <neil.petrovic.mt@gmail.com>,clark.jessup.mt@gmail.com,,Shift coverage - Dec 12 evening program? (thread 4),Can you cover my evening slot Dec 12 in exchange?,Can you cover my evening slot Dec 12 in exchange?,2026-05-24T06:10:00Z,1730334800000,1479,INBOX,False,False
msg_00094,thr_00094,Ted McAllister <ted.mcallister@gmail.com>,clark.jessup.mt@gmail.com,,Yellowstone route logs archive - box link (thread 4),Sent you the 2019-2022 Box link with the reconciled route notes.,Sent you the 2019-2022 Box link with the reconciled route notes.,2026-03-20T11:11:00Z,1730338400000,1482,INBOX,False,False
msg_00095,thr_00095,Priya Sundaram <priya.sundaram@gmail.com>,clark.jessup.mt@gmail.com,neil.petrovic.mt@gmail.com,Dark-sky forecast for Dec 4 Waxing Cresent event (thread 4),Weather looks marginal - checking Dec 5 backup.,Weather looks marginal - checking Dec 5 backup.,2025-10-13T23:52:00Z,1730342000000,1485,INBOX,False,False
msg_00096,thr_00096,Amelia Chen <amelia.chen.photo@gmail.com>,clark.jessup.mt@gmail.com,,Missoula print show wrap-up - your night sky prints (thread 4),Show wrapped. Four of your prints sold. Check attached inventory.,Show wrapped. Four of your prints sold. Check attached inventory.,2025-12-19T17:58:00Z,1730345600000,1488,INBOX,False,False
msg_00097,thr_00097,Bookshelf Kalispell <hello@bookshelfkalispell.com>,clark.jessup.mt@gmail.com,,Robin Wall Kimmerer author event - Feb 2027 (thread 4),"Kimmerer scheduled in Missoula Feb 24, 2027. Want a hold on tickets?","Kimmerer scheduled in Missoula Feb 24, 2027. Want a hold on tickets?",2026-10-29T11:47:00Z,1730349200000,1491,INBOX,False,False
msg_00098,thr_00098,Glacier Federal Credit Union <alerts@glacierfcu.org>,clark.jessup.mt@gmail.com,,Monthly statement available (thread 4),Your monthly statement is ready to view via the member portal.,Your monthly statement is ready to view via the member portal.,2026-05-10T22:58:00Z,1730352800000,1494,INBOX,True,False
msg_00099,thr_00099,Dr. Ben Alvarado <balvarado@flatheadfp.com>,clark.jessup.mt@gmail.com,,Annual physical - reminder to schedule (thread 4),It's been about 11 months. Please schedule at your convenience.,It's been about 11 months. Please schedule at your convenience.,2025-10-31T20:28:00Z,1730356400000,1497,INBOX,False,False
msg_00100,thr_00100,Diane Howell <dhowell@nps.gov>,clark.jessup.mt@gmail.com,neil.petrovic.mt@gmail.com,Winter interp package - Dec 4 planning session (thread 5),Clark - looking forward to your winter interp package by Dec 3. This ties into the advancement conversation. -Diane,Clark - looking forward to your winter interp package by Dec 3. This ties into the advancement conversation. -Diane,2026-03-20T14:59:00Z,1730360000000,1500,Grants/WAITA,False,False
msg_00101,thr_00101,Neil Petrovic <neil.petrovic.mt@gmail.com>,clark.jessup.mt@gmail.com,,Sat climb weather window? (thread 5),"Kootenai forecast looks OK Saturday, ridgeline winds forecast 15-20. You in? -Neil","Kootenai forecast looks OK Saturday, ridgeline winds forecast 15-20. You in? -Neil",2026-02-11T06:54:00Z,1730363600000,1503,INBOX,False,False
msg_00102,thr_00102,Josie Firth <josie.firth.whitefish@gmail.com>,clark.jessup.mt@gmail.com,,Whitefish Divide - ice conditions (thread 5),Ridge is glazed. Crampons needed. Bring the shorter pickets. -Josie,Ridge is glazed. Crampons needed. Bring the shorter pickets. -Josie,2025-12-21T08:16:00Z,1730367200000,1506,INBOX,False,False
msg_00103,thr_00103,Emma Jessup <emma.jessup.helena@gmail.com>,clark.jessup.mt@gmail.com,,Aiden's hiking photos - Dropbox (thread 5),Uploaded Aiden's Elephant Peak set. Sophie added drawings too. -Em,Uploaded Aiden's Elephant Peak set. Sophie added drawings too. -Em,2026-03-13T19:58:00Z,1730370800000,1509,Family,False,False
msg_00104,thr_00104,Glen Jessup <glen.jessup.msla@gmail.com>,clark.jessup.mt@gmail.com,,Fishing Sat - Rock Creek? (thread 5),"Weather's supposed to hold. Same as last time, meet at the pullout by 8. -Dad","Weather's supposed to hold. Same as last time, meet at the pullout by 8. -Dad",2026-07-27T05:33:00Z,1730374400000,1512,Family,False,True
msg_00105,thr_00105,Northwest Medical Supply <orders@nwmedsupply.com>,clark.jessup.mt@gmail.com,neil.petrovic.mt@gmail.com,CPAP quarterly shipment - FedEx tracking (thread 5),Your quarterly ResMed supplies shipped FedEx today.,Your quarterly ResMed supplies shipped FedEx today.,2026-09-17T10:45:00Z,1730378000000,1515,INBOX,True,False
msg_00106,thr_00106,Rosauers Rewards <rewards@rosauers.com>,clark.jessup.mt@gmail.com,,Weekly digital coupons - Kalispell store (thread 5),This week's specials for Kalispell store #14.,This week's specials for Kalispell store #14.,2025-10-19T11:47:00Z,1730381600000,1518,INBOX,False,False
msg_00107,thr_00107,Diane Howell <dhowell@nps.gov>,clark.jessup.mt@gmail.com,,FYI - Q4 division planning session moved to 12/4 (thread 5),Reminder: division planning session firmed up for Dec 4. Your slot: 10-11 AM.,Reminder: division planning session firmed up for Dec 4. Your slot: 10-11 AM.,2026-02-15T14:52:00Z,1730385200000,1521,Grants/WAITA,False,False
msg_00108,thr_00108,Backcountry Photog Slack <no-reply@slack.com>,clark.jessup.mt@gmail.com,,3 replies on your trip report: 'Nov Highline conditions' (thread 5),"Reply thread updates from Priya, Rachel, and Ted.","Reply thread updates from Priya, Rachel, and Ted.",2025-12-12T19:25:00Z,1730388800000,1524,INBOX,False,False
msg_00109,thr_00109,REI Orders <orders@rei.com>,clark.jessup.mt@gmail.com,,Order shipped - Patagonia R2 fleece (thread 5),"Your Patagonia R2 (M, Woolly Blue) shipped today.","Your Patagonia R2 (M, Woolly Blue) shipped today.",2025-10-22T22:51:00Z,1730392400000,1527,INBOX,False,False
msg_00110,thr_00110,Patagonia <orders@patagonia.com>,clark.jessup.mt@gmail.com,neil.petrovic.mt@gmail.com,Warranty repair complete - shell jacket (thread 5),Your Torrentshell repair is complete and shipping back.,Your Torrentshell repair is complete and shipping back.,2026-07-04T07:32:00Z,1730396000000,1530,INBOX,False,False
msg_00111,thr_00111,Bookshelf Kalispell <hello@bookshelfkalispell.com>,clark.jessup.mt@gmail.com,,Special order in: Braiding Sweetgrass (Kimmerer) (thread 5),Your special order arrived. Ready for pickup this week.,Your special order arrived. Ready for pickup this week.,2026-03-19T21:10:00Z,1730399600000,1533,INBOX,False,False
msg_00112,thr_00112,Ranger Diane Howell <dhowell@nps.gov>,clark.jessup.mt@gmail.com,,Please loop me on route reconciliation approach (thread 5),Send me the working notes when you have them.,Send me the working notes when you have them.,2026-04-22T16:09:00Z,1730403200000,1536,Grants/WAITA,True,False
msg_00113,thr_00113,Neil Petrovic <neil.petrovic.mt@gmail.com>,clark.jessup.mt@gmail.com,,Shift coverage - Dec 12 evening program? (thread 5),Can you cover my evening slot Dec 12 in exchange?,Can you cover my evening slot Dec 12 in exchange?,2026-05-25T02:32:00Z,1730406800000,1539,INBOX,False,False
msg_00114,thr_00114,Ted McAllister <ted.mcallister@gmail.com>,clark.jessup.mt@gmail.com,,Yellowstone route logs archive - box link (thread 5),Sent you the 2019-2022 Box link with the reconciled route notes.,Sent you the 2019-2022 Box link with the reconciled route notes.,2026-02-25T09:59:00Z,1730410400000,1542,INBOX,False,False
msg_00115,thr_00115,Priya Sundaram <priya.sundaram@gmail.com>,clark.jessup.mt@gmail.com,neil.petrovic.mt@gmail.com,Dark-sky forecast for Dec 4 Waxing Cresent event (thread 5),Weather looks marginal - checking Dec 5 backup.,Weather looks marginal - checking Dec 5 backup.,2026-02-28T13:17:00Z,1730414000000,1545,INBOX,False,False
msg_00116,thr_00116,Amelia Chen <amelia.chen.photo@gmail.com>,clark.jessup.mt@gmail.com,,Missoula print show wrap-up - your night sky prints (thread 5),Show wrapped. Four of your prints sold. Check attached inventory.,Show wrapped. Four of your prints sold. Check attached inventory.,2026-04-18T05:02:00Z,1730417600000,1548,INBOX,False,False
msg_00117,thr_00117,Bookshelf Kalispell <hello@bookshelfkalispell.com>,clark.jessup.mt@gmail.com,,Robin Wall Kimmerer author event - Feb 2027 (thread 5),"Kimmerer scheduled in Missoula Feb 24, 2027. Want a hold on tickets?","Kimmerer scheduled in Missoula Feb 24, 2027. Want a hold on tickets?",2026-10-18T04:23:00Z,1730421200000,1551,INBOX,False,True
msg_00118,thr_00118,Glacier Federal Credit Union <alerts@glacierfcu.org>,clark.jessup.mt@gmail.com,,Monthly statement available (thread 5),Your monthly statement is ready to view via the member portal.,Your monthly statement is ready to view via the member portal.,2026-07-22T00:59:00Z,1730424800000,1554,INBOX,False,False
msg_00119,thr_00119,Dr. Ben Alvarado <balvarado@flatheadfp.com>,clark.jessup.mt@gmail.com,,Annual physical - reminder to schedule (thread 5),It's been about 11 months. Please schedule at your convenience.,It's been about 11 months. Please schedule at your convenience.,2025-11-19T21:56:00Z,1730428400000,1557,INBOX,True,False
msg_00120,thr_00120,Diane Howell <dhowell@nps.gov>,clark.jessup.mt@gmail.com,neil.petrovic.mt@gmail.com,Winter interp package - Dec 4 planning session (thread 6),Clark - looking forward to your winter interp package by Dec 3. This ties into the advancement conversation. -Diane,Clark - looking forward to your winter interp package by Dec 3. This ties into the advancement conversation. -Diane,2026-05-20T02:16:00Z,1730432000000,1560,Grants/WAITA,False,False
msg_00121,thr_00121,Neil Petrovic <neil.petrovic.mt@gmail.com>,clark.jessup.mt@gmail.com,,Sat climb weather window? (thread 6),"Kootenai forecast looks OK Saturday, ridgeline winds forecast 15-20. You in? -Neil","Kootenai forecast looks OK Saturday, ridgeline winds forecast 15-20. You in? -Neil",2026-04-21T08:28:00Z,1730435600000,1563,INBOX,False,False
msg_00122,thr_00122,Josie Firth <josie.firth.whitefish@gmail.com>,clark.jessup.mt@gmail.com,,Whitefish Divide - ice conditions (thread 6),Ridge is glazed. Crampons needed. Bring the shorter pickets. -Josie,Ridge is glazed. Crampons needed. Bring the shorter pickets. -Josie,2026-03-17T20:22:00Z,1730439200000,1566,INBOX,False,False
msg_00123,thr_00123,Emma Jessup <emma.jessup.helena@gmail.com>,clark.jessup.mt@gmail.com,,Aiden's hiking photos - Dropbox (thread 6),Uploaded Aiden's Elephant Peak set. Sophie added drawings too. -Em,Uploaded Aiden's Elephant Peak set. Sophie added drawings too. -Em,2026-09-09T01:37:00Z,1730442800000,1569,Family,False,False
msg_00124,thr_00124,Glen Jessup <glen.jessup.msla@gmail.com>,clark.jessup.mt@gmail.com,,Fishing Sat - Rock Creek? (thread 6),"Weather's supposed to hold. Same as last time, meet at the pullout by 8. -Dad","Weather's supposed to hold. Same as last time, meet at the pullout by 8. -Dad",2025-12-17T04:16:00Z,1730446400000,1572,Family,False,False
msg_00125,thr_00125,Northwest Medical Supply <orders@nwmedsupply.com>,clark.jessup.mt@gmail.com,neil.petrovic.mt@gmail.com,CPAP quarterly shipment - FedEx tracking (thread 6),Your quarterly ResMed supplies shipped FedEx today.,Your quarterly ResMed supplies shipped FedEx today.,2025-12-10T02:58:00Z,1730450000000,1575,INBOX,False,False
msg_00126,thr_00126,Rosauers Rewards <rewards@rosauers.com>,clark.jessup.mt@gmail.com,,Weekly digital coupons - Kalispell store (thread 6),This week's specials for Kalispell store #14.,This week's specials for Kalispell store #14.,2026-05-14T22:20:00Z,1730453600000,1578,INBOX,True,False
msg_00127,thr_00127,Diane Howell <dhowell@nps.gov>,clark.jessup.mt@gmail.com,,FYI - Q4 division planning session moved to 12/4 (thread 6),Reminder: division planning session firmed up for Dec 4. Your slot: 10-11 AM.,Reminder: division planning session firmed up for Dec 4. Your slot: 10-11 AM.,2026-05-17T05:07:00Z,1730457200000,1581,Grants/WAITA,False,False
msg_00128,thr_00128,Backcountry Photog Slack <no-reply@slack.com>,clark.jessup.mt@gmail.com,,3 replies on your trip report: 'Nov Highline conditions' (thread 6),"Reply thread updates from Priya, Rachel, and Ted.","Reply thread updates from Priya, Rachel, and Ted.",2026-07-28T23:18:00Z,1730460800000,1584,INBOX,False,False
msg_00129,thr_00129,REI Orders <orders@rei.com>,clark.jessup.mt@gmail.com,,Order shipped - Patagonia R2 fleece (thread 6),"Your Patagonia R2 (M, Woolly Blue) shipped today.","Your Patagonia R2 (M, Woolly Blue) shipped today.",2026-10-21T06:29:00Z,1730464400000,1587,INBOX,False,False
msg_00130,thr_00130,Patagonia <orders@patagonia.com>,clark.jessup.mt@gmail.com,neil.petrovic.mt@gmail.com,Warranty repair complete - shell jacket (thread 6),Your Torrentshell repair is complete and shipping back.,Your Torrentshell repair is complete and shipping back.,2026-01-11T07:41:00Z,1730468000000,1590,INBOX,False,True
msg_00131,thr_00131,Bookshelf Kalispell <hello@bookshelfkalispell.com>,clark.jessup.mt@gmail.com,,Special order in: Braiding Sweetgrass (Kimmerer) (thread 6),Your special order arrived. Ready for pickup this week.,Your special order arrived. Ready for pickup this week.,2026-05-02T20:18:00Z,1730471600000,1593,INBOX,False,False
msg_00132,thr_00132,Ranger Diane Howell <dhowell@nps.gov>,clark.jessup.mt@gmail.com,,Please loop me on route reconciliation approach (thread 6),Send me the working notes when you have them.,Send me the working notes when you have them.,2026-08-20T18:35:00Z,1730475200000,1596,Grants/WAITA,False,False
msg_00133,thr_00133,Neil Petrovic <neil.petrovic.mt@gmail.com>,clark.jessup.mt@gmail.com,,Shift coverage - Dec 12 evening program? (thread 6),Can you cover my evening slot Dec 12 in exchange?,Can you cover my evening slot Dec 12 in exchange?,2025-11-09T12:00:00Z,1730478800000,1599,INBOX,True,False
msg_00134,thr_00134,Ted McAllister <ted.mcallister@gmail.com>,clark.jessup.mt@gmail.com,,Yellowstone route logs archive - box link (thread 6),Sent you the 2019-2022 Box link with the reconciled route notes.,Sent you the 2019-2022 Box link with the reconciled route notes.,2025-12-24T08:45:00Z,1730482400000,1602,INBOX,False,False
msg_00135,thr_00135,Priya Sundaram <priya.sundaram@gmail.com>,clark.jessup.mt@gmail.com,neil.petrovic.mt@gmail.com,Dark-sky forecast for Dec 4 Waxing Cresent event (thread 6),Weather looks marginal - checking Dec 5 backup.,Weather looks marginal - checking Dec 5 backup.,2026-08-09T02:16:00Z,1730486000000,1605,INBOX,False,False
msg_00136,thr_00136,Amelia Chen <amelia.chen.photo@gmail.com>,clark.jessup.mt@gmail.com,,Missoula print show wrap-up - your night sky prints (thread 6),Show wrapped. Four of your prints sold. Check attached inventory.,Show wrapped. Four of your prints sold. Check attached inventory.,2026-09-11T01:23:00Z,1730489600000,1608,INBOX,False,False
msg_00137,thr_00137,Bookshelf Kalispell <hello@bookshelfkalispell.com>,clark.jessup.mt@gmail.com,,Robin Wall Kimmerer author event - Feb 2027 (thread 6),"Kimmerer scheduled in Missoula Feb 24, 2027. Want a hold on tickets?","Kimmerer scheduled in Missoula Feb 24, 2027. Want a hold on tickets?",2026-01-13T17:26:00Z,1730493200000,1611,INBOX,False,False
msg_00138,thr_00138,Glacier Federal Credit Union <alerts@glacierfcu.org>,clark.jessup.mt@gmail.com,,Monthly statement available (thread 6),Your monthly statement is ready to view via the member portal.,Your monthly statement is ready to view via the member portal.,2026-10-11T02:27:00Z,1730496800000,1614,INBOX,False,False
msg_00139,thr_00139,Dr. Ben Alvarado <balvarado@flatheadfp.com>,clark.jessup.mt@gmail.com,,Annual physical - reminder to schedule (thread 6),It's been about 11 months. Please schedule at your convenience.,It's been about 11 months. Please schedule at your convenience.,2025-12-21T09:19:00Z,1730500400000,1617,INBOX,False,False
msg_00140,thr_00140,Diane Howell <dhowell@nps.gov>,clark.jessup.mt@gmail.com,neil.petrovic.mt@gmail.com,Winter interp package - Dec 4 planning session (thread 7),Clark - looking forward to your winter interp package by Dec 3. This ties into the advancement conversation. -Diane,Clark - looking forward to your winter interp package by Dec 3. This ties into the advancement conversation. -Diane,2026-09-25T01:16:00Z,1730504000000,1620,Grants/WAITA,True,False
msg_00141,thr_00141,Neil Petrovic <neil.petrovic.mt@gmail.com>,clark.jessup.mt@gmail.com,,Sat climb weather window? (thread 7),"Kootenai forecast looks OK Saturday, ridgeline winds forecast 15-20. You in? -Neil","Kootenai forecast looks OK Saturday, ridgeline winds forecast 15-20. You in? -Neil",2026-06-24T16:37:00Z,1730507600000,1623,INBOX,False,False
msg_00142,thr_00142,Josie Firth <josie.firth.whitefish@gmail.com>,clark.jessup.mt@gmail.com,,Whitefish Divide - ice conditions (thread 7),Ridge is glazed. Crampons needed. Bring the shorter pickets. -Josie,Ridge is glazed. Crampons needed. Bring the shorter pickets. -Josie,2026-07-16T09:30:00Z,1730511200000,1626,INBOX,False,False
msg_00143,thr_00143,Emma Jessup <emma.jessup.helena@gmail.com>,clark.jessup.mt@gmail.com,,Aiden's hiking photos - Dropbox (thread 7),Uploaded Aiden's Elephant Peak set. Sophie added drawings too. -Em,Uploaded Aiden's Elephant Peak set. Sophie added drawings too. -Em,2026-05-28T12:26:00Z,1730514800000,1629,Family,False,True
msg_00144,thr_00144,Glen Jessup <glen.jessup.msla@gmail.com>,clark.jessup.mt@gmail.com,,Fishing Sat - Rock Creek? (thread 7),"Weather's supposed to hold. Same as last time, meet at the pullout by 8. -Dad","Weather's supposed to hold. Same as last time, meet at the pullout by 8. -Dad",2026-01-03T18:38:00Z,1730518400000,1632,Family,False,False
msg_00145,thr_00145,Northwest Medical Supply <orders@nwmedsupply.com>,clark.jessup.mt@gmail.com,neil.petrovic.mt@gmail.com,CPAP quarterly shipment - FedEx tracking (thread 7),Your quarterly ResMed supplies shipped FedEx today.,Your quarterly ResMed supplies shipped FedEx today.,2026-02-05T06:05:00Z,1730522000000,1635,INBOX,False,False
msg_00146,thr_00146,Rosauers Rewards <rewards@rosauers.com>,clark.jessup.mt@gmail.com,,Weekly digital coupons - Kalispell store (thread 7),This week's specials for Kalispell store #14.,This week's specials for Kalispell store #14.,2026-09-02T11:07:00Z,1730525600000,1638,INBOX,False,False
msg_00147,thr_00147,Diane Howell <dhowell@nps.gov>,clark.jessup.mt@gmail.com,,FYI - Q4 division planning session moved to 12/4 (thread 7),Reminder: division planning session firmed up for Dec 4. Your slot: 10-11 AM.,Reminder: division planning session firmed up for Dec 4. Your slot: 10-11 AM.,2025-12-16T10:59:00Z,1730529200000,1641,Grants/WAITA,True,False
msg_00148,thr_00148,Backcountry Photog Slack <no-reply@slack.com>,clark.jessup.mt@gmail.com,,3 replies on your trip report: 'Nov Highline conditions' (thread 7),"Reply thread updates from Priya, Rachel, and Ted.","Reply thread updates from Priya, Rachel, and Ted.",2026-09-05T13:19:00Z,1730532800000,1644,INBOX,False,False
msg_00149,thr_00149,REI Orders <orders@rei.com>,clark.jessup.mt@gmail.com,,Order shipped - Patagonia R2 fleece (thread 7),"Your Patagonia R2 (M, Woolly Blue) shipped today.","Your Patagonia R2 (M, Woolly Blue) shipped today.",2026-04-13T16:57:00Z,1730536400000,1647,INBOX,False,False
msg_00150,thr_00150,Patagonia <orders@patagonia.com>,clark.jessup.mt@gmail.com,neil.petrovic.mt@gmail.com,Warranty repair complete - shell jacket (thread 7),Your Torrentshell repair is complete and shipping back.,Your Torrentshell repair is complete and shipping back.,2026-01-27T17:16:00Z,1730540000000,1650,INBOX,False,False
msg_00151,thr_00151,Bookshelf Kalispell <hello@bookshelfkalispell.com>,clark.jessup.mt@gmail.com,,Special order in: Braiding Sweetgrass (Kimmerer) (thread 7),Your special order arrived. Ready for pickup this week.,Your special order arrived. Ready for pickup this week.,2026-05-09T14:17:00Z,1730543600000,1653,INBOX,False,False
msg_00152,thr_00152,Ranger Diane Howell <dhowell@nps.gov>,clark.jessup.mt@gmail.com,,Please loop me on route reconciliation approach (thread 7),Send me the working notes when you have them.,Send me the working notes when you have them.,2026-05-16T11:01:00Z,1730547200000,1656,Grants/WAITA,False,False
msg_00153,thr_00153,Neil Petrovic <neil.petrovic.mt@gmail.com>,clark.jessup.mt@gmail.com,,Shift coverage - Dec 12 evening program? (thread 7),Can you cover my evening slot Dec 12 in exchange?,Can you cover my evening slot Dec 12 in exchange?,2026-04-21T23:15:00Z,1730550800000,1659,INBOX,False,False
msg_00154,thr_00154,Ted McAllister <ted.mcallister@gmail.com>,clark.jessup.mt@gmail.com,,Yellowstone route logs archive - box link (thread 7),Sent you the 2019-2022 Box link with the reconciled route notes.,Sent you the 2019-2022 Box link with the reconciled route notes.,2026-06-21T07:40:00Z,1730554400000,1662,INBOX,True,False
msg_00155,thr_00155,Priya Sundaram <priya.sundaram@gmail.com>,clark.jessup.mt@gmail.com,neil.petrovic.mt@gmail.com,Dark-sky forecast for Dec 4 Waxing Cresent event (thread 7),Weather looks marginal - checking Dec 5 backup.,Weather looks marginal - checking Dec 5 backup.,2026-03-15T02:41:00Z,1730558000000,1665,INBOX,False,False
msg_00156,thr_00156,Amelia Chen <amelia.chen.photo@gmail.com>,clark.jessup.mt@gmail.com,,Missoula print show wrap-up - your night sky prints (thread 7),Show wrapped. Four of your prints sold. Check attached inventory.,Show wrapped. Four of your prints sold. Check attached inventory.,2026-08-26T23:07:00Z,1730561600000,1668,INBOX,False,True
msg_00157,thr_00157,Bookshelf Kalispell <hello@bookshelfkalispell.com>,clark.jessup.mt@gmail.com,,Robin Wall Kimmerer author event - Feb 2027 (thread 7),"Kimmerer scheduled in Missoula Feb 24, 2027. Want a hold on tickets?","Kimmerer scheduled in Missoula Feb 24, 2027. Want a hold on tickets?",2025-10-31T02:38:00Z,1730565200000,1671,INBOX,False,False
msg_00158,thr_00158,Glacier Federal Credit Union <alerts@glacierfcu.org>,clark.jessup.mt@gmail.com,,Monthly statement available (thread 7),Your monthly statement is ready to view via the member portal.,Your monthly statement is ready to view via the member portal.,2025-11-09T16:57:00Z,1730568800000,1674,INBOX,False,False
msg_00159,thr_00159,Dr. Ben Alvarado <balvarado@flatheadfp.com>,clark.jessup.mt@gmail.com,,Annual physical - reminder to schedule (thread 7),It's been about 11 months. Please schedule at your convenience.,It's been about 11 months. Please schedule at your convenience.,2025-11-18T01:19:00Z,1730572400000,1677,INBOX,False,False
msg_00160,thr_00160,Diane Howell <dhowell@nps.gov>,clark.jessup.mt@gmail.com,neil.petrovic.mt@gmail.com,Winter interp package - Dec 4 planning session (thread 8),Clark - looking forward to your winter interp package by Dec 3. This ties into the advancement conversation. -Diane,Clark - looking forward to your winter interp package by Dec 3. This ties into the advancement conversation. -Diane,2025-12-10T15:05:00Z,1730576000000,1680,Grants/WAITA,False,False
msg_00161,thr_00161,Neil Petrovic <neil.petrovic.mt@gmail.com>,clark.jessup.mt@gmail.com,,Sat climb weather window? (thread 8),"Kootenai forecast looks OK Saturday, ridgeline winds forecast 15-20. You in? -Neil","Kootenai forecast looks OK Saturday, ridgeline winds forecast 15-20. You in? -Neil",2025-11-16T00:19:00Z,1730579600000,1683,INBOX,True,False
msg_00162,thr_00162,Josie Firth <josie.firth.whitefish@gmail.com>,clark.jessup.mt@gmail.com,,Whitefish Divide - ice conditions (thread 8),Ridge is glazed. Crampons needed. Bring the shorter pickets. -Josie,Ridge is glazed. Crampons needed. Bring the shorter pickets. -Josie,2026-04-12T09:54:00Z,1730583200000,1686,INBOX,False,False
msg_00163,thr_00163,Emma Jessup <emma.jessup.helena@gmail.com>,clark.jessup.mt@gmail.com,,Aiden's hiking photos - Dropbox (thread 8),Uploaded Aiden's Elephant Peak set. Sophie added drawings too. -Em,Uploaded Aiden's Elephant Peak set. Sophie added drawings too. -Em,2026-02-15T10:26:00Z,1730586800000,1689,Family,False,False
msg_00164,thr_00164,Glen Jessup <glen.jessup.msla@gmail.com>,clark.jessup.mt@gmail.com,,Fishing Sat - Rock Creek? (thread 8),"Weather's supposed to hold. Same as last time, meet at the pullout by 8. -Dad","Weather's supposed to hold. Same as last time, meet at the pullout by 8. -Dad",2026-04-23T01:54:00Z,1730590400000,1692,Family,False,False
msg_00165,thr_00165,Northwest Medical Supply <orders@nwmedsupply.com>,clark.jessup.mt@gmail.com,neil.petrovic.mt@gmail.com,CPAP quarterly shipment - FedEx tracking (thread 8),Your quarterly ResMed supplies shipped FedEx today.,Your quarterly ResMed supplies shipped FedEx today.,2026-06-20T00:16:00Z,1730594000000,1695,INBOX,False,False
msg_00166,thr_00166,Rosauers Rewards <rewards@rosauers.com>,clark.jessup.mt@gmail.com,,Weekly digital coupons - Kalispell store (thread 8),This week's specials for Kalispell store #14.,This week's specials for Kalispell store #14.,2025-11-07T04:57:00Z,1730597600000,1698,INBOX,False,False
msg_00167,thr_00167,Diane Howell <dhowell@nps.gov>,clark.jessup.mt@gmail.com,,FYI - Q4 division planning session moved to 12/4 (thread 8),Reminder: division planning session firmed up for Dec 4. Your slot: 10-11 AM.,Reminder: division planning session firmed up for Dec 4. Your slot: 10-11 AM.,2026-05-19T17:38:00Z,1730601200000,1701,Grants/WAITA,False,False
msg_00168,thr_00168,Backcountry Photog Slack <no-reply@slack.com>,clark.jessup.mt@gmail.com,,3 replies on your trip report: 'Nov Highline conditions' (thread 8),"Reply thread updates from Priya, Rachel, and Ted.","Reply thread updates from Priya, Rachel, and Ted.",2026-03-09T19:29:00Z,1730604800000,1704,INBOX,True,False
msg_00169,thr_00169,REI Orders <orders@rei.com>,clark.jessup.mt@gmail.com,,Order shipped - Patagonia R2 fleece (thread 8),"Your Patagonia R2 (M, Woolly Blue) shipped today.","Your Patagonia R2 (M, Woolly Blue) shipped today.",2026-04-03T00:21:00Z,1730608400000,1707,INBOX,False,True
msg_00170,thr_00170,Patagonia <orders@patagonia.com>,clark.jessup.mt@gmail.com,neil.petrovic.mt@gmail.com,Warranty repair complete - shell jacket (thread 8),Your Torrentshell repair is complete and shipping back.,Your Torrentshell repair is complete and shipping back.,2026-02-28T23:20:00Z,1730612000000,1710,INBOX,False,False
msg_00171,thr_00171,Bookshelf Kalispell <hello@bookshelfkalispell.com>,clark.jessup.mt@gmail.com,,Special order in: Braiding Sweetgrass (Kimmerer) (thread 8),Your special order arrived. Ready for pickup this week.,Your special order arrived. Ready for pickup this week.,2026-10-23T03:40:00Z,1730615600000,1713,INBOX,False,False
msg_00172,thr_00172,Ranger Diane Howell <dhowell@nps.gov>,clark.jessup.mt@gmail.com,,Please loop me on route reconciliation approach (thread 8),Send me the working notes when you have them.,Send me the working notes when you have them.,2026-07-01T06:59:00Z,1730619200000,1716,Grants/WAITA,False,False
msg_00173,thr_00173,Neil Petrovic <neil.petrovic.mt@gmail.com>,clark.jessup.mt@gmail.com,,Shift coverage - Dec 12 evening program? (thread 8),Can you cover my evening slot Dec 12 in exchange?,Can you cover my evening slot Dec 12 in exchange?,2026-10-10T05:42:00Z,1730622800000,1719,INBOX,False,False
msg_00174,thr_00174,Ted McAllister <ted.mcallister@gmail.com>,clark.jessup.mt@gmail.com,,Yellowstone route logs archive - box link (thread 8),Sent you the 2019-2022 Box link with the reconciled route notes.,Sent you the 2019-2022 Box link with the reconciled route notes.,2026-03-06T08:09:00Z,1730626400000,1722,INBOX,False,False
msg_00175,thr_00175,Priya Sundaram <priya.sundaram@gmail.com>,clark.jessup.mt@gmail.com,neil.petrovic.mt@gmail.com,Dark-sky forecast for Dec 4 Waxing Cresent event (thread 8),Weather looks marginal - checking Dec 5 backup.,Weather looks marginal - checking Dec 5 backup.,2026-06-25T01:33:00Z,1730630000000,1725,INBOX,True,False
msg_00176,thr_00176,Amelia Chen <amelia.chen.photo@gmail.com>,clark.jessup.mt@gmail.com,,Missoula print show wrap-up - your night sky prints (thread 8),Show wrapped. Four of your prints sold. Check attached inventory.,Show wrapped. Four of your prints sold. Check attached inventory.,2025-12-14T23:07:00Z,1730633600000,1728,INBOX,False,False
msg_00177,thr_00177,Bookshelf Kalispell <hello@bookshelfkalispell.com>,clark.jessup.mt@gmail.com,,Robin Wall Kimmerer author event - Feb 2027 (thread 8),"Kimmerer scheduled in Missoula Feb 24, 2027. Want a hold on tickets?","Kimmerer scheduled in Missoula Feb 24, 2027. Want a hold on tickets?",2025-10-29T22:30:00Z,1730637200000,1731,INBOX,False,False
msg_00178,thr_00178,Glacier Federal Credit Union <alerts@glacierfcu.org>,clark.jessup.mt@gmail.com,,Monthly statement available (thread 8),Your monthly statement is ready to view via the member portal.,Your monthly statement is ready to view via the member portal.,2026-08-22T23:16:00Z,1730640800000,1734,INBOX,False,False
msg_00179,thr_00179,Dr. Ben Alvarado <balvarado@flatheadfp.com>,clark.jessup.mt@gmail.com,,Annual physical - reminder to schedule (thread 8),It's been about 11 months. Please schedule at your convenience.,It's been about 11 months. Please schedule at your convenience.,2025-11-03T11:17:00Z,1730644400000,1737,INBOX,False,False
msg_00180,thr_00180,Diane Howell <dhowell@nps.gov>,clark.jessup.mt@gmail.com,neil.petrovic.mt@gmail.com,Winter interp package - Dec 4 planning session (thread 9),Clark - looking forward to your winter interp package by Dec 3. This ties into the advancement conversation. -Diane,Clark - looking forward to your winter interp package by Dec 3. This ties into the advancement conversation. -Diane,2026-08-28T21:44:00Z,1730648000000,1740,Grants/WAITA,False,False
msg_00181,thr_00181,Neil Petrovic <neil.petrovic.mt@gmail.com>,clark.jessup.mt@gmail.com,,Sat climb weather window? (thread 9),"Kootenai forecast looks OK Saturday, ridgeline winds forecast 15-20. You in? -Neil","Kootenai forecast looks OK Saturday, ridgeline winds forecast 15-20. You in? -Neil",2026-06-26T12:12:00Z,1730651600000,1743,INBOX,False,False
msg_00182,thr_00182,Josie Firth <josie.firth.whitefish@gmail.com>,clark.jessup.mt@gmail.com,,Whitefish Divide - ice conditions (thread 9),Ridge is glazed. Crampons needed. Bring the shorter pickets. -Josie,Ridge is glazed. Crampons needed. Bring the shorter pickets. -Josie,2026-02-08T00:36:00Z,1730655200000,1746,INBOX,True,True
msg_00183,thr_00183,Emma Jessup <emma.jessup.helena@gmail.com>,clark.jessup.mt@gmail.com,,Aiden's hiking photos - Dropbox (thread 9),Uploaded Aiden's Elephant Peak set. Sophie added drawings too. -Em,Uploaded Aiden's Elephant Peak set. Sophie added drawings too. -Em,2026-05-08T17:54:00Z,1730658800000,1749,Family,False,False
msg_00184,thr_00184,Glen Jessup <glen.jessup.msla@gmail.com>,clark.jessup.mt@gmail.com,,Fishing Sat - Rock Creek? (thread 9),"Weather's supposed to hold. Same as last time, meet at the pullout by 8. -Dad","Weather's supposed to hold. Same as last time, meet at the pullout by 8. -Dad",2025-11-27T22:42:00Z,1730662400000,1752,Family,False,False
msg_00185,thr_00185,Northwest Medical Supply <orders@nwmedsupply.com>,clark.jessup.mt@gmail.com,neil.petrovic.mt@gmail.com,CPAP quarterly shipment - FedEx tracking (thread 9),Your quarterly ResMed supplies shipped FedEx today.,Your quarterly ResMed supplies shipped FedEx today.,2026-01-23T11:45:00Z,1730666000000,1755,INBOX,False,False
msg_00186,thr_00186,Rosauers Rewards <rewards@rosauers.com>,clark.jessup.mt@gmail.com,,Weekly digital coupons - Kalispell store (thread 9),This week's specials for Kalispell store #14.,This week's specials for Kalispell store #14.,2025-11-29T01:33:00Z,1730669600000,1758,INBOX,False,False
msg_00187,thr_00187,Diane Howell <dhowell@nps.gov>,clark.jessup.mt@gmail.com,,FYI - Q4 division planning session moved to 12/4 (thread 9),Reminder: division planning session firmed up for Dec 4. Your slot: 10-11 AM.,Reminder: division planning session firmed up for Dec 4. Your slot: 10-11 AM.,2026-05-30T08:19:00Z,1730673200000,1761,Grants/WAITA,False,False
msg_00188,thr_00188,Backcountry Photog Slack <no-reply@slack.com>,clark.jessup.mt@gmail.com,,3 replies on your trip report: 'Nov Highline conditions' (thread 9),"Reply thread updates from Priya, Rachel, and Ted.","Reply thread updates from Priya, Rachel, and Ted.",2026-09-09T19:08:00Z,1730676800000,1764,INBOX,False,False
msg_00189,thr_00189,REI Orders <orders@rei.com>,clark.jessup.mt@gmail.com,,Order shipped - Patagonia R2 fleece (thread 9),"Your Patagonia R2 (M, Woolly Blue) shipped today.","Your Patagonia R2 (M, Woolly Blue) shipped today.",2025-12-15T04:25:00Z,1730680400000,1767,INBOX,True,False
msg_00190,thr_00190,Patagonia <orders@patagonia.com>,clark.jessup.mt@gmail.com,neil.petrovic.mt@gmail.com,Warranty repair complete - shell jacket (thread 9),Your Torrentshell repair is complete and shipping back.,Your Torrentshell repair is complete and shipping back.,2025-10-25T23:45:00Z,1730684000000,1770,INBOX,False,False
msg_00191,thr_00191,Bookshelf Kalispell <hello@bookshelfkalispell.com>,clark.jessup.mt@gmail.com,,Special order in: Braiding Sweetgrass (Kimmerer) (thread 9),Your special order arrived. Ready for pickup this week.,Your special order arrived. Ready for pickup this week.,2026-11-06T02:28:00Z,1730687600000,1773,INBOX,False,False
msg_00192,thr_00192,Ranger Diane Howell <dhowell@nps.gov>,clark.jessup.mt@gmail.com,,Please loop me on route reconciliation approach (thread 9),Send me the working notes when you have them.,Send me the working notes when you have them.,2026-11-11T02:57:00Z,1730691200000,1776,Grants/WAITA,False,False
msg_00193,thr_00193,Neil Petrovic <neil.petrovic.mt@gmail.com>,clark.jessup.mt@gmail.com,,Shift coverage - Dec 12 evening program? (thread 9),Can you cover my evening slot Dec 12 in exchange?,Can you cover my evening slot Dec 12 in exchange?,2025-11-03T14:29:00Z,1730694800000,1779,INBOX,False,False
msg_00194,thr_00194,Ted McAllister <ted.mcallister@gmail.com>,clark.jessup.mt@gmail.com,,Yellowstone route logs archive - box link (thread 9),Sent you the 2019-2022 Box link with the reconciled route notes.,Sent you the 2019-2022 Box link with the reconciled route notes.,2026-02-04T00:35:00Z,1730698400000,1782,INBOX,False,False
msg_00195,thr_00195,Priya Sundaram <priya.sundaram@gmail.com>,clark.jessup.mt@gmail.com,neil.petrovic.mt@gmail.com,Dark-sky forecast for Dec 4 Waxing Cresent event (thread 9),Weather looks marginal - checking Dec 5 backup.,Weather looks marginal - checking Dec 5 backup.,2026-04-13T22:59:00Z,1730702000000,1785,INBOX,False,True
msg_00196,thr_00196,Amelia Chen <amelia.chen.photo@gmail.com>,clark.jessup.mt@gmail.com,,Missoula print show wrap-up - your night sky prints (thread 9),Show wrapped. Four of your prints sold. Check attached inventory.,Show wrapped. Four of your prints sold. Check attached inventory.,2026-06-30T01:43:00Z,1730705600000,1788,INBOX,True,False
msg_00197,thr_00197,Bookshelf Kalispell <hello@bookshelfkalispell.com>,clark.jessup.mt@gmail.com,,Robin Wall Kimmerer author event - Feb 2027 (thread 9),"Kimmerer scheduled in Missoula Feb 24, 2027. Want a hold on tickets?","Kimmerer scheduled in Missoula Feb 24, 2027. Want a hold on tickets?",2025-11-20T16:09:00Z,1730709200000,1791,INBOX,False,False
msg_00198,thr_00198,Glacier Federal Credit Union <alerts@glacierfcu.org>,clark.jessup.mt@gmail.com,,Monthly statement available (thread 9),Your monthly statement is ready to view via the member portal.,Your monthly statement is ready to view via the member portal.,2026-11-08T15:07:00Z,1730712800000,1794,INBOX,False,False
msg_00199,thr_00199,Dr. Ben Alvarado <balvarado@flatheadfp.com>,clark.jessup.mt@gmail.com,,Annual physical - reminder to schedule (thread 9),It's been about 11 months. Please schedule at your convenience.,It's been about 11 months. Please schedule at your convenience.,2026-06-09T08:18:00Z,1730716400000,1797,INBOX,False,False
msg_00200,thr_00200,Diane Howell <dhowell@nps.gov>,clark.jessup.mt@gmail.com,neil.petrovic.mt@gmail.com,Winter interp package - Dec 4 planning session (thread 10),Clark - looking forward to your winter interp package by Dec 3. This ties into the advancement conversation. -Diane,Clark - looking forward to your winter interp package by Dec 3. This ties into the advancement conversation. -Diane,2026-06-25T15:51:00Z,1730720000000,1800,Grants/WAITA,False,False
msg_00201,thr_00201,Neil Petrovic <neil.petrovic.mt@gmail.com>,clark.jessup.mt@gmail.com,,Sat climb weather window? (thread 10),"Kootenai forecast looks OK Saturday, ridgeline winds forecast 15-20. You in? -Neil","Kootenai forecast looks OK Saturday, ridgeline winds forecast 15-20. You in? -Neil",2026-01-21T11:01:00Z,1730723600000,1803,INBOX,False,False
msg_00202,thr_00202,Josie Firth <josie.firth.whitefish@gmail.com>,clark.jessup.mt@gmail.com,,Whitefish Divide - ice conditions (thread 10),Ridge is glazed. Crampons needed. Bring the shorter pickets. -Josie,Ridge is glazed. Crampons needed. Bring the shorter pickets. -Josie,2026-08-24T08:21:00Z,1730727200000,1806,INBOX,False,False
msg_00203,thr_00203,Emma Jessup <emma.jessup.helena@gmail.com>,clark.jessup.mt@gmail.com,,Aiden's hiking photos - Dropbox (thread 10),Uploaded Aiden's Elephant Peak set. Sophie added drawings too. -Em,Uploaded Aiden's Elephant Peak set. Sophie added drawings too. -Em,2026-07-23T19:11:00Z,1730730800000,1809,Family,True,False
msg_00204,thr_00204,Glen Jessup <glen.jessup.msla@gmail.com>,clark.jessup.mt@gmail.com,,Fishing Sat - Rock Creek? (thread 10),"Weather's supposed to hold. Same as last time, meet at the pullout by 8. -Dad","Weather's supposed to hold. Same as last time, meet at the pullout by 8. -Dad",2026-01-21T19:05:00Z,1730734400000,1812,Family,False,False
msg_00205,thr_00205,Northwest Medical Supply <orders@nwmedsupply.com>,clark.jessup.mt@gmail.com,neil.petrovic.mt@gmail.com,CPAP quarterly shipment - FedEx tracking (thread 10),Your quarterly ResMed supplies shipped FedEx today.,Your quarterly ResMed supplies shipped FedEx today.,2026-05-15T06:04:00Z,1730738000000,1815,INBOX,False,False
msg_00206,thr_00206,Rosauers Rewards <rewards@rosauers.com>,clark.jessup.mt@gmail.com,,Weekly digital coupons - Kalispell store (thread 10),This week's specials for Kalispell store #14.,This week's specials for Kalispell store #14.,2026-06-29T05:04:00Z,1730741600000,1818,INBOX,False,False
msg_00207,thr_00207,Diane Howell <dhowell@nps.gov>,clark.jessup.mt@gmail.com,,FYI - Q4 division planning session moved to 12/4 (thread 10),Reminder: division planning session firmed up for Dec 4. Your slot: 10-11 AM.,Reminder: division planning session firmed up for Dec 4. Your slot: 10-11 AM.,2026-05-10T08:06:00Z,1730745200000,1821,Grants/WAITA,False,False
msg_00208,thr_00208,Backcountry Photog Slack <no-reply@slack.com>,clark.jessup.mt@gmail.com,,3 replies on your trip report: 'Nov Highline conditions' (thread 10),"Reply thread updates from Priya, Rachel, and Ted.","Reply thread updates from Priya, Rachel, and Ted.",2026-10-22T17:38:00Z,1730748800000,1824,INBOX,False,True
msg_00209,thr_00209,REI Orders <orders@rei.com>,clark.jessup.mt@gmail.com,,Order shipped - Patagonia R2 fleece (thread 10),"Your Patagonia R2 (M, Woolly Blue) shipped today.","Your Patagonia R2 (M, Woolly Blue) shipped today.",2025-12-12T07:50:00Z,1730752400000,1827,INBOX,False,False
msg_00210,thr_00210,Patagonia <orders@patagonia.com>,clark.jessup.mt@gmail.com,neil.petrovic.mt@gmail.com,Warranty repair complete - shell jacket (thread 10),Your Torrentshell repair is complete and shipping back.,Your Torrentshell repair is complete and shipping back.,2026-02-05T03:06:00Z,1730756000000,1830,INBOX,True,False
msg_00211,thr_00211,Bookshelf Kalispell <hello@bookshelfkalispell.com>,clark.jessup.mt@gmail.com,,Special order in: Braiding Sweetgrass (Kimmerer) (thread 10),Your special order arrived. Ready for pickup this week.,Your special order arrived. Ready for pickup this week.,2026-07-16T04:47:00Z,1730759600000,1833,INBOX,False,False
msg_00212,thr_00212,Ranger Diane Howell <dhowell@nps.gov>,clark.jessup.mt@gmail.com,,Please loop me on route reconciliation approach (thread 10),Send me the working notes when you have them.,Send me the working notes when you have them.,2025-10-25T15:49:00Z,1730763200000,1836,Grants/WAITA,False,False
msg_00213,thr_00213,Neil Petrovic <neil.petrovic.mt@gmail.com>,clark.jessup.mt@gmail.com,,Shift coverage - Dec 12 evening program? (thread 10),Can you cover my evening slot Dec 12 in exchange?,Can you cover my evening slot Dec 12 in exchange?,2026-06-07T03:46:00Z,1730766800000,1839,INBOX,False,False
msg_00214,thr_00214,Ted McAllister <ted.mcallister@gmail.com>,clark.jessup.mt@gmail.com,,Yellowstone route logs archive - box link (thread 10),Sent you the 2019-2022 Box link with the reconciled route notes.,Sent you the 2019-2022 Box link with the reconciled route notes.,2025-12-27T16:51:00Z,1730770400000,1842,INBOX,False,False
msg_00215,thr_00215,Priya Sundaram <priya.sundaram@gmail.com>,clark.jessup.mt@gmail.com,neil.petrovic.mt@gmail.com,Dark-sky forecast for Dec 4 Waxing Cresent event (thread 10),Weather looks marginal - checking Dec 5 backup.,Weather looks marginal - checking Dec 5 backup.,2026-06-17T15:12:00Z,1730774000000,1845,INBOX,False,False
msg_00216,thr_00216,Amelia Chen <amelia.chen.photo@gmail.com>,clark.jessup.mt@gmail.com,,Missoula print show wrap-up - your night sky prints (thread 10),Show wrapped. Four of your prints sold. Check attached inventory.,Show wrapped. Four of your prints sold. Check attached inventory.,2025-10-18T10:46:00Z,1730777600000,1848,INBOX,False,False
msg_00217,thr_00217,Bookshelf Kalispell <hello@bookshelfkalispell.com>,clark.jessup.mt@gmail.com,,Robin Wall Kimmerer author event - Feb 2027 (thread 10),"Kimmerer scheduled in Missoula Feb 24, 2027. Want a hold on tickets?","Kimmerer scheduled in Missoula Feb 24, 2027. Want a hold on tickets?",2026-11-06T12:11:00Z,1730781200000,1851,INBOX,True,False
msg_00218,thr_00218,Glacier Federal Credit Union <alerts@glacierfcu.org>,clark.jessup.mt@gmail.com,,Monthly statement available (thread 10),Your monthly statement is ready to view via the member portal.,Your monthly statement is ready to view via the member portal.,2026-05-05T03:34:00Z,1730784800000,1854,INBOX,False,False
msg_00219,thr_00219,Dr. Ben Alvarado <balvarado@flatheadfp.com>,clark.jessup.mt@gmail.com,,Annual physical - reminder to schedule (thread 10),It's been about 11 months. Please schedule at your convenience.,It's been about 11 months. Please schedule at your convenience.,2026-10-15T18:32:00Z,1730788400000,1857,INBOX,False,False
msg_00220,thr_00220,Diane Howell <dhowell@nps.gov>,clark.jessup.mt@gmail.com,neil.petrovic.mt@gmail.com,Winter interp package - Dec 4 planning session (thread 11),Clark - looking forward to your winter interp package by Dec 3. This ties into the advancement conversation. -Diane,Clark - looking forward to your winter interp package by Dec 3. This ties into the advancement conversation. -Diane,2026-11-14T10:54:00Z,1730792000000,1860,Grants/WAITA,False,False
msg_00221,thr_00221,Neil Petrovic <neil.petrovic.mt@gmail.com>,clark.jessup.mt@gmail.com,,Sat climb weather window? (thread 11),"Kootenai forecast looks OK Saturday, ridgeline winds forecast 15-20. You in? -Neil","Kootenai forecast looks OK Saturday, ridgeline winds forecast 15-20. You in? -Neil",2026-08-06T14:50:00Z,1730795600000,1863,INBOX,False,True
msg_00222,thr_00222,Josie Firth <josie.firth.whitefish@gmail.com>,clark.jessup.mt@gmail.com,,Whitefish Divide - ice conditions (thread 11),Ridge is glazed. Crampons needed. Bring the shorter pickets. -Josie,Ridge is glazed. Crampons needed. Bring the shorter pickets. -Josie,2026-10-01T04:50:00Z,1730799200000,1866,INBOX,False,False
msg_00223,thr_00223,Emma Jessup <emma.jessup.helena@gmail.com>,clark.jessup.mt@gmail.com,,Aiden's hiking photos - Dropbox (thread 11),Uploaded Aiden's Elephant Peak set. Sophie added drawings too. -Em,Uploaded Aiden's Elephant Peak set. Sophie added drawings too. -Em,2025-11-13T16:08:00Z,1730802800000,1869,Family,False,False
msg_00224,thr_00224,Glen Jessup <glen.jessup.msla@gmail.com>,clark.jessup.mt@gmail.com,,Fishing Sat - Rock Creek? (thread 11),"Weather's supposed to hold. Same as last time, meet at the pullout by 8. -Dad","Weather's supposed to hold. Same as last time, meet at the pullout by 8. -Dad",2026-03-02T12:11:00Z,1730806400000,1872,Family,True,False
msg_00225,thr_00225,Northwest Medical Supply <orders@nwmedsupply.com>,clark.jessup.mt@gmail.com,neil.petrovic.mt@gmail.com,CPAP quarterly shipment - FedEx tracking (thread 11),Your quarterly ResMed supplies shipped FedEx today.,Your quarterly ResMed supplies shipped FedEx today.,2026-09-05T11:08:00Z,1730810000000,1875,INBOX,False,False
msg_00226,thr_00226,Rosauers Rewards <rewards@rosauers.com>,clark.jessup.mt@gmail.com,,Weekly digital coupons - Kalispell store (thread 11),This week's specials for Kalispell store #14.,This week's specials for Kalispell store #14.,2026-10-11T21:29:00Z,1730813600000,1878,INBOX,False,False
msg_00227,thr_00227,Diane Howell <dhowell@nps.gov>,clark.jessup.mt@gmail.com,,FYI - Q4 division planning session moved to 12/4 (thread 11),Reminder: division planning session firmed up for Dec 4. Your slot: 10-11 AM.,Reminder: division planning session firmed up for Dec 4. Your slot: 10-11 AM.,2026-06-24T23:31:00Z,1730817200000,1881,Grants/WAITA,False,False
msg_00228,thr_00228,Backcountry Photog Slack <no-reply@slack.com>,clark.jessup.mt@gmail.com,,3 replies on your trip report: 'Nov Highline conditions' (thread 11),"Reply thread updates from Priya, Rachel, and Ted.","Reply thread updates from Priya, Rachel, and Ted.",2026-08-03T14:05:00Z,1730820800000,1884,INBOX,False,False
msg_00229,thr_00229,REI Orders <orders@rei.com>,clark.jessup.mt@gmail.com,,Order shipped - Patagonia R2 fleece (thread 11),"Your Patagonia R2 (M, Woolly Blue) shipped today.","Your Patagonia R2 (M, Woolly Blue) shipped today.",2026-02-27T09:26:00Z,1730824400000,1887,INBOX,False,False
msg_00230,thr_00230,Patagonia <orders@patagonia.com>,clark.jessup.mt@gmail.com,neil.petrovic.mt@gmail.com,Warranty repair complete - shell jacket (thread 11),Your Torrentshell repair is complete and shipping back.,Your Torrentshell repair is complete and shipping back.,2026-07-15T03:42:00Z,1730828000000,1890,INBOX,False,False
msg_00231,thr_00231,Bookshelf Kalispell <hello@bookshelfkalispell.com>,clark.jessup.mt@gmail.com,,Special order in: Braiding Sweetgrass (Kimmerer) (thread 11),Your special order arrived. Ready for pickup this week.,Your special order arrived. Ready for pickup this week.,2025-10-19T17:28:00Z,1730831600000,1893,INBOX,True,False
msg_00232,thr_00232,Ranger Diane Howell <dhowell@nps.gov>,clark.jessup.mt@gmail.com,,Please loop me on route reconciliation approach (thread 11),Send me the working notes when you have them.,Send me the working notes when you have them.,2025-11-03T07:38:00Z,1730835200000,1896,Grants/WAITA,False,False
msg_00233,thr_00233,Neil Petrovic <neil.petrovic.mt@gmail.com>,clark.jessup.mt@gmail.com,,Shift coverage - Dec 12 evening program? (thread 11),Can you cover my evening slot Dec 12 in exchange?,Can you cover my evening slot Dec 12 in exchange?,2026-04-03T19:20:00Z,1730838800000,1899,INBOX,False,False
msg_00234,thr_00234,Ted McAllister <ted.mcallister@gmail.com>,clark.jessup.mt@gmail.com,,Yellowstone route logs archive - box link (thread 11),Sent you the 2019-2022 Box link with the reconciled route notes.,Sent you the 2019-2022 Box link with the reconciled route notes.,2025-12-26T18:29:00Z,1730842400000,1902,INBOX,False,True
msg_00235,thr_00235,Priya Sundaram <priya.sundaram@gmail.com>,clark.jessup.mt@gmail.com,neil.petrovic.mt@gmail.com,Dark-sky forecast for Dec 4 Waxing Cresent event (thread 11),Weather looks marginal - checking Dec 5 backup.,Weather looks marginal - checking Dec 5 backup.,2025-12-24T10:02:00Z,1730846000000,1905,INBOX,False,False
msg_00236,thr_00236,Amelia Chen <amelia.chen.photo@gmail.com>,clark.jessup.mt@gmail.com,,Missoula print show wrap-up - your night sky prints (thread 11),Show wrapped. Four of your prints sold. Check attached inventory.,Show wrapped. Four of your prints sold. Check attached inventory.,2026-02-19T15:03:00Z,1730849600000,1908,INBOX,False,False
msg_00237,thr_00237,Bookshelf Kalispell <hello@bookshelfkalispell.com>,clark.jessup.mt@gmail.com,,Robin Wall Kimmerer author event - Feb 2027 (thread 11),"Kimmerer scheduled in Missoula Feb 24, 2027. Want a hold on tickets?","Kimmerer scheduled in Missoula Feb 24, 2027. Want a hold on tickets?",2026-10-19T15:03:00Z,1730853200000,1911,INBOX,False,False
msg_00238,thr_00238,Glacier Federal Credit Union <alerts@glacierfcu.org>,clark.jessup.mt@gmail.com,,Monthly statement available (thread 11),Your monthly statement is ready to view via the member portal.,Your monthly statement is ready to view via the member portal.,2026-09-04T14:09:00Z,1730856800000,1914,INBOX,True,False
msg_00239,thr_00239,Dr. Ben Alvarado <balvarado@flatheadfp.com>,clark.jessup.mt@gmail.com,,Annual physical - reminder to schedule (thread 11),It's been about 11 months. Please schedule at your convenience.,It's been about 11 months. Please schedule at your convenience.,2026-05-20T21:21:00Z,1730860400000,1917,INBOX,False,False
