id,email,phone_number,first_name,last_name,organization,title,city,region,country,created,updated
kl-p-0001,yui.kobayashi000@outlook.jp,+81-90-9017-7717,Yui,Kobayashi,Kobayashi household,Private Collector,Kobe,Kanto,JP,2024-06-01T09:00:00Z,2026-09-25T09:00:00Z
kl-p-0002,yui.yamamoto001@gmail.com,+81-90-8876-6528,Yui,Yamamoto,Yamamoto household,Private Collector,Sapporo,Kanto,JP,2024-06-01T09:00:00Z,2026-09-25T09:00:00Z
kl-p-0003,akira.sato002@gmail.com,+81-90-6726-4047,Akira,Sato,Sato household,Private Collector,Kanazawa,Kanto,JP,2024-06-01T09:00:00Z,2026-09-25T09:00:00Z
kl-p-0004,ayaka.yoshida003@gmail.com,+81-90-7456-4766,Ayaka,Yoshida,Yoshida household,Private Collector,Tokyo,Kanto,JP,2024-06-01T09:00:00Z,2026-09-25T09:00:00Z
kl-p-0005,sho.ito004@softbank.jp,+81-90-4400-3771,Sho,Ito,Ito household,Private Collector,Sendai,Kanto,JP,2024-06-01T09:00:00Z,2026-09-25T09:00:00Z
kl-p-0006,hiroshi.abe005@softbank.jp,+81-90-9032-4974,Hiroshi,Abe,Abe household,Private Collector,Kobe,Kanto,JP,2024-06-01T09:00:00Z,2026-09-25T09:00:00Z
kl-p-0007,takumi.nakamura006@docomo.ne.jp,+81-90-6481-9356,Takumi,Nakamura,Nakamura household,Private Collector,Sendai,Kanto,JP,2024-06-01T09:00:00Z,2026-09-25T09:00:00Z
kl-p-0008,hiroshi.matsumoto007@docomo.ne.jp,+81-90-7663-7301,Hiroshi,Matsumoto,Matsumoto household,Private Collector,Kyoto,Kansai,JP,2024-06-01T09:00:00Z,2026-09-25T09:00:00Z
kl-p-0009,yui.sasaki008@outlook.jp,+81-90-5810-4671,Yui,Sasaki,Sasaki household,Private Collector,Fukuoka,Kanto,JP,2024-06-01T09:00:00Z,2026-09-25T09:00:00Z
kl-p-0010,ryo.yamazaki009@gmail.com,+81-90-7255-1436,Ryo,Yamazaki,Yamazaki household,Private Collector,Sendai,Kanto,JP,2024-06-01T09:00:00Z,2026-09-25T09:00:00Z
kl-p-0011,daichi.kato010@outlook.jp,+81-90-6666-3437,Daichi,Kato,Kato household,Private Collector,Nagoya,Kanto,JP,2024-06-01T09:00:00Z,2026-09-25T09:00:00Z
kl-p-0012,sakura.abe011@docomo.ne.jp,+81-90-4417-5261,Sakura,Abe,Abe household,Private Collector,Fukuoka,Kanto,JP,2024-06-01T09:00:00Z,2026-09-25T09:00:00Z
kl-p-0013,kenji.matsumoto012@outlook.jp,+81-90-8244-3453,Kenji,Matsumoto,Matsumoto household,Private Collector,Kanazawa,Kanto,JP,2024-06-01T09:00:00Z,2026-09-25T09:00:00Z
kl-p-0014,yui.watanabe013@outlook.jp,+81-90-3959-1335,Yui,Watanabe,Watanabe household,Private Collector,Tokyo,Kanto,JP,2024-06-01T09:00:00Z,2026-09-25T09:00:00Z
kl-p-0015,sakura.abe014@outlook.jp,+81-90-3705-5102,Sakura,Abe,Abe household,Private Collector,Sendai,Kanto,JP,2024-06-01T09:00:00Z,2026-09-25T09:00:00Z
kl-p-0016,ayaka.kato015@gmail.com,+81-90-5696-9849,Ayaka,Kato,Kato household,Private Collector,Kobe,Kanto,JP,2024-06-01T09:00:00Z,2026-09-25T09:00:00Z
kl-p-0017,takumi.sasaki016@docomo.ne.jp,+81-90-2047-8062,Takumi,Sasaki,Sasaki household,Private Collector,Kyoto,Kansai,JP,2024-06-01T09:00:00Z,2026-09-25T09:00:00Z
kl-p-0018,daichi.kato017@softbank.jp,+81-90-8291-7959,Daichi,Kato,Kato household,Private Collector,Sapporo,Kanto,JP,2024-06-01T09:00:00Z,2026-09-25T09:00:00Z
kl-p-0019,hiroshi.sasaki018@outlook.jp,+81-90-7610-8532,Hiroshi,Sasaki,Sasaki household,Private Collector,Fukuoka,Kanto,JP,2024-06-01T09:00:00Z,2026-09-25T09:00:00Z
kl-p-0020,sota.takahashi019@gmail.com,+81-90-8888-4408,Sota,Takahashi,Takahashi household,Private Collector,Fukuoka,Kanto,JP,2024-06-01T09:00:00Z,2026-09-25T09:00:00Z
kl-p-0021,emi.hayashi020@outlook.jp,+81-90-5504-8254,Emi,Hayashi,Hayashi household,Private Collector,Fukuoka,Kanto,JP,2024-06-01T09:00:00Z,2026-09-25T09:00:00Z
kl-p-0022,ayaka.shimizu021@outlook.jp,+81-90-9225-3862,Ayaka,Shimizu,Shimizu household,Private Collector,Kyoto,Kansai,JP,2024-06-01T09:00:00Z,2026-09-25T09:00:00Z
kl-p-0023,yui.yamamoto022@kyoto-univ.jp,+81-90-5540-2396,Yui,Yamamoto,Yamamoto household,Private Collector,Fukuoka,Kanto,JP,2024-06-01T09:00:00Z,2026-09-25T09:00:00Z
kl-p-0024,takumi.kato023@outlook.jp,+81-90-2582-1081,Takumi,Kato,Kato household,Private Collector,Osaka,Kanto,JP,2024-06-01T09:00:00Z,2026-09-25T09:00:00Z
kl-p-0025,ayaka.yamada024@gmail.com,+81-90-2672-3405,Ayaka,Yamada,Yamada household,Private Collector,Tokyo,Kanto,JP,2024-06-01T09:00:00Z,2026-09-25T09:00:00Z
kl-p-0026,aiko.sasaki025@docomo.ne.jp,+81-90-9838-6881,Aiko,Sasaki,Sasaki household,Private Collector,Kanazawa,Kanto,JP,2024-06-01T09:00:00Z,2026-09-25T09:00:00Z
kl-p-0027,daichi.takahashi026@kyoto-univ.jp,+81-90-6207-7496,Daichi,Takahashi,Takahashi household,Private Collector,Fukuoka,Kanto,JP,2024-06-01T09:00:00Z,2026-09-25T09:00:00Z
kl-p-0028,ayaka.hayashi027@outlook.jp,+81-90-5851-7150,Ayaka,Hayashi,Hayashi household,Private Collector,Nara,Kanto,JP,2024-06-01T09:00:00Z,2026-09-25T09:00:00Z
kl-p-0029,yui.yamada028@gmail.com,+81-90-6274-5549,Yui,Yamada,Yamada household,Private Collector,Nagoya,Kanto,JP,2024-06-01T09:00:00Z,2026-09-25T09:00:00Z
kl-p-0030,daichi.ikeda029@outlook.jp,+81-90-6368-6006,Daichi,Ikeda,Ikeda household,Private Collector,Kobe,Kanto,JP,2024-06-01T09:00:00Z,2026-09-25T09:00:00Z
kl-p-0031,takumi.matsumoto030@gmail.com,+81-90-2992-2332,Takumi,Matsumoto,Matsumoto household,Private Collector,Nara,Kanto,JP,2024-06-01T09:00:00Z,2026-09-25T09:00:00Z
kl-p-0032,mika.yamamoto031@gmail.com,+81-90-7032-2665,Mika,Yamamoto,Yamamoto household,Private Collector,Sapporo,Kanto,JP,2024-06-01T09:00:00Z,2026-09-25T09:00:00Z
kl-p-0033,kanna.nakamura032@docomo.ne.jp,+81-90-7693-3293,Kanna,Nakamura,Nakamura household,Private Collector,Kobe,Kanto,JP,2024-06-01T09:00:00Z,2026-09-25T09:00:00Z
kl-p-0034,takumi.nakamura033@docomo.ne.jp,+81-90-2526-9713,Takumi,Nakamura,Nakamura household,Private Collector,Kyoto,Kansai,JP,2024-06-01T09:00:00Z,2026-09-25T09:00:00Z
kl-p-0035,hiroshi.sato034@gmail.com,+81-90-3533-8858,Hiroshi,Sato,Sato household,Private Collector,Osaka,Kanto,JP,2024-06-01T09:00:00Z,2026-09-25T09:00:00Z
kl-p-0036,emi.nakamura035@docomo.ne.jp,+81-90-1442-5444,Emi,Nakamura,Nakamura household,Private Collector,Kanazawa,Kanto,JP,2024-06-01T09:00:00Z,2026-09-25T09:00:00Z
kl-p-0037,sakura.suzuki036@outlook.jp,+81-90-9441-4256,Sakura,Suzuki,Suzuki household,Private Collector,Osaka,Kanto,JP,2024-06-01T09:00:00Z,2026-09-25T09:00:00Z
kl-p-0038,rina.kobayashi037@outlook.jp,+81-90-1670-3665,Rina,Kobayashi,Kobayashi household,Private Collector,Kanazawa,Kanto,JP,2024-06-01T09:00:00Z,2026-09-25T09:00:00Z
kl-p-0039,sakura.watanabe038@outlook.jp,+81-90-6648-4038,Sakura,Watanabe,Watanabe household,Private Collector,Sendai,Kanto,JP,2024-06-01T09:00:00Z,2026-09-25T09:00:00Z
kl-p-0040,haruto.matsumoto039@softbank.jp,+81-90-3299-3619,Haruto,Matsumoto,Matsumoto household,Private Collector,Sapporo,Kanto,JP,2024-06-01T09:00:00Z,2026-09-25T09:00:00Z
kl-p-0041,emi.yamazaki040@outlook.jp,+81-90-5831-1087,Emi,Yamazaki,Yamazaki household,Private Collector,Sapporo,Kanto,JP,2024-06-01T09:00:00Z,2026-09-25T09:00:00Z
kl-p-0042,ren.shimizu041@kyoto-univ.jp,+81-90-2271-8879,Ren,Shimizu,Shimizu household,Private Collector,Sendai,Kanto,JP,2024-06-01T09:00:00Z,2026-09-25T09:00:00Z
kl-p-0043,haruto.kimura042@docomo.ne.jp,+81-90-2394-4032,Haruto,Kimura,Kimura household,Private Collector,Kyoto,Kansai,JP,2024-06-01T09:00:00Z,2026-09-25T09:00:00Z
kl-p-0044,sho.yamamoto043@kyoto-univ.jp,+81-90-4957-8832,Sho,Yamamoto,Yamamoto household,Private Collector,Kobe,Kanto,JP,2024-06-01T09:00:00Z,2026-09-25T09:00:00Z
kl-p-0045,kenji.abe044@docomo.ne.jp,+81-90-4257-5017,Kenji,Abe,Abe household,Private Collector,Kanazawa,Kanto,JP,2024-06-01T09:00:00Z,2026-09-25T09:00:00Z
kl-p-0046,aiko.kobayashi045@kyoto-univ.jp,+81-90-3962-2498,Aiko,Kobayashi,Kobayashi household,Private Collector,Sendai,Kanto,JP,2024-06-01T09:00:00Z,2026-09-25T09:00:00Z
kl-p-0047,ren.yamazaki046@outlook.jp,+81-90-4360-1428,Ren,Yamazaki,Yamazaki household,Private Collector,Kobe,Kanto,JP,2024-06-01T09:00:00Z,2026-09-25T09:00:00Z
kl-p-0048,sota.matsumoto047@gmail.com,+81-90-3669-1789,Sota,Matsumoto,Matsumoto household,Private Collector,Yokohama,Kanto,JP,2024-06-01T09:00:00Z,2026-09-25T09:00:00Z
kl-p-0049,sota.suzuki048@softbank.jp,+81-90-3416-4291,Sota,Suzuki,Suzuki household,Private Collector,Sapporo,Kanto,JP,2024-06-01T09:00:00Z,2026-09-25T09:00:00Z
kl-p-0050,ryo.sato049@kyoto-univ.jp,+81-90-3994-7442,Ryo,Sato,Sato household,Private Collector,Kobe,Kanto,JP,2024-06-01T09:00:00Z,2026-09-25T09:00:00Z
kl-p-0051,naomi.abe050@gmail.com,+81-90-5894-5199,Naomi,Abe,Abe household,Private Collector,Yokohama,Kanto,JP,2024-06-01T09:00:00Z,2026-09-25T09:00:00Z
kl-p-0052,ryo.suzuki051@docomo.ne.jp,+81-90-2176-3517,Ryo,Suzuki,Suzuki household,Private Collector,Fukuoka,Kanto,JP,2024-06-01T09:00:00Z,2026-09-25T09:00:00Z
kl-p-0053,yui.shimizu052@softbank.jp,+81-90-6807-1383,Yui,Shimizu,Shimizu household,Private Collector,Nagoya,Kanto,JP,2024-06-01T09:00:00Z,2026-09-25T09:00:00Z
kl-p-0054,kanna.yamada053@softbank.jp,+81-90-9842-1564,Kanna,Yamada,Yamada household,Private Collector,Nara,Kanto,JP,2024-06-01T09:00:00Z,2026-09-25T09:00:00Z
kl-p-0055,haruto.kimura054@softbank.jp,+81-90-3346-7825,Haruto,Kimura,Kimura household,Private Collector,Hiroshima,Kanto,JP,2024-06-01T09:00:00Z,2026-09-25T09:00:00Z
kl-p-0056,aiko.watanabe055@kyoto-univ.jp,+81-90-5174-4007,Aiko,Watanabe,Watanabe household,Private Collector,Osaka,Kanto,JP,2024-06-01T09:00:00Z,2026-09-25T09:00:00Z
kl-p-0057,mika.inoue056@softbank.jp,+81-90-7174-9889,Mika,Inoue,Inoue household,Private Collector,Fukuoka,Kanto,JP,2024-06-01T09:00:00Z,2026-09-25T09:00:00Z
kl-p-0058,sota.ikeda057@docomo.ne.jp,+81-90-4343-1954,Sota,Ikeda,Ikeda household,Private Collector,Nagoya,Kanto,JP,2024-06-01T09:00:00Z,2026-09-25T09:00:00Z
kl-p-0059,takumi.yamazaki058@gmail.com,+81-90-3226-9625,Takumi,Yamazaki,Yamazaki household,Private Collector,Kanazawa,Kanto,JP,2024-06-01T09:00:00Z,2026-09-25T09:00:00Z
kl-p-0060,ren.abe059@kyoto-univ.jp,+81-90-9397-7734,Ren,Abe,Abe household,Private Collector,Kobe,Kanto,JP,2024-06-01T09:00:00Z,2026-09-25T09:00:00Z
kl-p-0061,sota.watanabe060@gmail.com,+81-90-8697-7999,Sota,Watanabe,Watanabe household,Private Collector,Kanazawa,Kanto,JP,2024-06-01T09:00:00Z,2026-09-25T09:00:00Z
kl-p-0062,sho.shimizu061@softbank.jp,+81-90-1210-5636,Sho,Shimizu,Shimizu household,Private Collector,Fukuoka,Kanto,JP,2024-06-01T09:00:00Z,2026-09-25T09:00:00Z
kl-p-0063,ryo.suzuki062@gmail.com,+81-90-3067-6768,Ryo,Suzuki,Suzuki household,Private Collector,Yokohama,Kanto,JP,2024-06-01T09:00:00Z,2026-09-25T09:00:00Z
kl-p-0064,sota.suzuki063@kyoto-univ.jp,+81-90-3374-8919,Sota,Suzuki,Suzuki household,Private Collector,Osaka,Kanto,JP,2024-06-01T09:00:00Z,2026-09-25T09:00:00Z
kl-p-0065,haruto.yoshida064@kyoto-univ.jp,+81-90-3526-5586,Haruto,Yoshida,Yoshida household,Private Collector,Sapporo,Kanto,JP,2024-06-01T09:00:00Z,2026-09-25T09:00:00Z
kl-p-0066,kenji.takahashi065@docomo.ne.jp,+81-90-2315-1129,Kenji,Takahashi,Takahashi household,Private Collector,Hiroshima,Kanto,JP,2024-06-01T09:00:00Z,2026-09-25T09:00:00Z
kl-p-0067,haruto.nakamura066@softbank.jp,+81-90-1956-6977,Haruto,Nakamura,Nakamura household,Private Collector,Nagoya,Kanto,JP,2024-06-01T09:00:00Z,2026-09-25T09:00:00Z
kl-p-0068,kenji.yamada067@gmail.com,+81-90-4656-5635,Kenji,Yamada,Yamada household,Private Collector,Nagoya,Kanto,JP,2024-06-01T09:00:00Z,2026-09-25T09:00:00Z
kl-p-0069,yuki.abe068@gmail.com,+81-90-9106-3460,Yuki,Abe,Abe household,Private Collector,Tokyo,Kanto,JP,2024-06-01T09:00:00Z,2026-09-25T09:00:00Z
kl-p-0070,naomi.ito069@outlook.jp,+81-90-8216-7796,Naomi,Ito,Ito household,Private Collector,Hiroshima,Kanto,JP,2024-06-01T09:00:00Z,2026-09-25T09:00:00Z
kl-p-0071,ayaka.takahashi070@softbank.jp,+81-90-6456-5325,Ayaka,Takahashi,Takahashi household,Private Collector,Nagoya,Kanto,JP,2024-06-01T09:00:00Z,2026-09-25T09:00:00Z
kl-p-0072,aiko.sato071@outlook.jp,+81-90-4768-9250,Aiko,Sato,Sato household,Private Collector,Osaka,Kanto,JP,2024-06-01T09:00:00Z,2026-09-25T09:00:00Z
kl-p-0073,naomi.ikeda072@docomo.ne.jp,+81-90-8595-9654,Naomi,Ikeda,Ikeda household,Private Collector,Hiroshima,Kanto,JP,2024-06-01T09:00:00Z,2026-09-25T09:00:00Z
kl-p-0074,ryo.nakamura073@softbank.jp,+81-90-6899-8919,Ryo,Nakamura,Nakamura household,Private Collector,Sendai,Kanto,JP,2024-06-01T09:00:00Z,2026-09-25T09:00:00Z
kl-p-0075,aiko.yamamoto074@softbank.jp,+81-90-6257-2795,Aiko,Yamamoto,Yamamoto household,Private Collector,Kanazawa,Kanto,JP,2024-06-01T09:00:00Z,2026-09-25T09:00:00Z
kl-p-0076,kanna.ikeda075@docomo.ne.jp,+81-90-9549-4167,Kanna,Ikeda,Ikeda household,Private Collector,Tokyo,Kanto,JP,2024-06-01T09:00:00Z,2026-09-25T09:00:00Z
kl-p-0077,sota.takahashi076@docomo.ne.jp,+81-90-3014-6026,Sota,Takahashi,Takahashi household,Private Collector,Kanazawa,Kanto,JP,2024-06-01T09:00:00Z,2026-09-25T09:00:00Z
kl-p-0078,naomi.suzuki077@kyoto-univ.jp,+81-90-2702-5669,Naomi,Suzuki,Suzuki household,Private Collector,Fukuoka,Kanto,JP,2024-06-01T09:00:00Z,2026-09-25T09:00:00Z
kl-p-0079,mika.yamazaki078@gmail.com,+81-90-6225-5370,Mika,Yamazaki,Yamazaki household,Private Collector,Tokyo,Kanto,JP,2024-06-01T09:00:00Z,2026-09-25T09:00:00Z
kl-p-0080,yui.watanabe079@gmail.com,+81-90-4788-2058,Yui,Watanabe,Watanabe household,Private Collector,Fukuoka,Kanto,JP,2024-06-01T09:00:00Z,2026-09-25T09:00:00Z
kl-p-0081,kanna.hayashi080@docomo.ne.jp,+81-90-1717-3455,Kanna,Hayashi,Hayashi household,Private Collector,Osaka,Kanto,JP,2024-06-01T09:00:00Z,2026-09-25T09:00:00Z
kl-p-0082,ren.kimura081@outlook.jp,+81-90-2684-7571,Ren,Kimura,Kimura household,Private Collector,Kanazawa,Kanto,JP,2024-06-01T09:00:00Z,2026-09-25T09:00:00Z
kl-p-0083,takumi.kato082@outlook.jp,+81-90-1473-3695,Takumi,Kato,Kato household,Private Collector,Yokohama,Kanto,JP,2024-06-01T09:00:00Z,2026-09-25T09:00:00Z
kl-p-0084,kenji.yamada083@kyoto-univ.jp,+81-90-9711-4012,Kenji,Yamada,Yamada household,Private Collector,Hiroshima,Kanto,JP,2024-06-01T09:00:00Z,2026-09-25T09:00:00Z
kl-p-0085,rina.ito084@docomo.ne.jp,+81-90-2619-8064,Rina,Ito,Ito household,Private Collector,Kobe,Kanto,JP,2024-06-01T09:00:00Z,2026-09-25T09:00:00Z
kl-p-0086,sho.yoshida085@gmail.com,+81-90-9129-4958,Sho,Yoshida,Yoshida household,Private Collector,Hiroshima,Kanto,JP,2024-06-01T09:00:00Z,2026-09-25T09:00:00Z
kl-p-0087,sho.ikeda086@softbank.jp,+81-90-2083-8429,Sho,Ikeda,Ikeda household,Private Collector,Kanazawa,Kanto,JP,2024-06-01T09:00:00Z,2026-09-25T09:00:00Z
kl-p-0088,hiroshi.ito087@outlook.jp,+81-90-1639-6829,Hiroshi,Ito,Ito household,Private Collector,Osaka,Kanto,JP,2024-06-01T09:00:00Z,2026-09-25T09:00:00Z
kl-p-0089,aiko.yamamoto088@softbank.jp,+81-90-5280-2296,Aiko,Yamamoto,Yamamoto household,Private Collector,Nagoya,Kanto,JP,2024-06-01T09:00:00Z,2026-09-25T09:00:00Z
kl-p-0090,emi.kato089@kyoto-univ.jp,+81-90-7558-7964,Emi,Kato,Kato household,Private Collector,Tokyo,Kanto,JP,2024-06-01T09:00:00Z,2026-09-25T09:00:00Z
kl-p-0091,rina.kato090@outlook.jp,+81-90-6190-7592,Rina,Kato,Kato household,Private Collector,Kyoto,Kansai,JP,2024-06-01T09:00:00Z,2026-09-25T09:00:00Z
kl-p-0092,ren.matsumoto091@docomo.ne.jp,+81-90-4288-7693,Ren,Matsumoto,Matsumoto household,Private Collector,Nagoya,Kanto,JP,2024-06-01T09:00:00Z,2026-09-25T09:00:00Z
kl-p-0093,sota.watanabe092@gmail.com,+81-90-2037-8453,Sota,Watanabe,Watanabe household,Private Collector,Kyoto,Kansai,JP,2024-06-01T09:00:00Z,2026-09-25T09:00:00Z
kl-p-0094,yui.takahashi093@gmail.com,+81-90-5963-9897,Yui,Takahashi,Takahashi household,Private Collector,Tokyo,Kanto,JP,2024-06-01T09:00:00Z,2026-09-25T09:00:00Z
kl-p-0095,yui.inoue094@docomo.ne.jp,+81-90-1713-4290,Yui,Inoue,Inoue household,Private Collector,Yokohama,Kanto,JP,2024-06-01T09:00:00Z,2026-09-25T09:00:00Z
kl-p-0096,yui.matsumoto095@kyoto-univ.jp,+81-90-6751-5930,Yui,Matsumoto,Matsumoto household,Private Collector,Osaka,Kanto,JP,2024-06-01T09:00:00Z,2026-09-25T09:00:00Z
kl-p-0097,sota.ikeda096@docomo.ne.jp,+81-90-6112-6547,Sota,Ikeda,Ikeda household,Private Collector,Kanazawa,Kanto,JP,2024-06-01T09:00:00Z,2026-09-25T09:00:00Z
kl-p-0098,takumi.inoue097@softbank.jp,+81-90-2644-3199,Takumi,Inoue,Inoue household,Private Collector,Sapporo,Kanto,JP,2024-06-01T09:00:00Z,2026-09-25T09:00:00Z
kl-p-0099,naomi.yamada098@outlook.jp,+81-90-8100-4365,Naomi,Yamada,Yamada household,Private Collector,Fukuoka,Kanto,JP,2024-06-01T09:00:00Z,2026-09-25T09:00:00Z
kl-p-0100,ryo.sato099@gmail.com,+81-90-1993-7234,Ryo,Sato,Sato household,Private Collector,Kanazawa,Kanto,JP,2024-06-01T09:00:00Z,2026-09-25T09:00:00Z
kl-p-0101,kenji.abe100@outlook.jp,+81-90-5507-1930,Kenji,Abe,Abe household,Private Collector,Nagoya,Kanto,JP,2024-06-01T09:00:00Z,2026-09-25T09:00:00Z
kl-p-0102,akira.sasaki101@kyoto-univ.jp,+81-90-4867-9837,Akira,Sasaki,Sasaki household,Private Collector,Hiroshima,Kanto,JP,2024-06-01T09:00:00Z,2026-09-25T09:00:00Z
kl-p-0103,hiroshi.kato102@softbank.jp,+81-90-7139-1758,Hiroshi,Kato,Kato household,Private Collector,Sapporo,Kanto,JP,2024-06-01T09:00:00Z,2026-09-25T09:00:00Z
kl-p-0104,sakura.abe103@softbank.jp,+81-90-7699-4734,Sakura,Abe,Abe household,Private Collector,Nagoya,Kanto,JP,2024-06-01T09:00:00Z,2026-09-25T09:00:00Z
kl-p-0105,naomi.kobayashi104@docomo.ne.jp,+81-90-3069-2128,Naomi,Kobayashi,Kobayashi household,Private Collector,Nara,Kanto,JP,2024-06-01T09:00:00Z,2026-09-25T09:00:00Z
kl-p-0106,yuki.yamada105@outlook.jp,+81-90-8825-7228,Yuki,Yamada,Yamada household,Private Collector,Sapporo,Kanto,JP,2024-06-01T09:00:00Z,2026-09-25T09:00:00Z
kl-p-0107,sota.kato106@outlook.jp,+81-90-9949-8639,Sota,Kato,Kato household,Private Collector,Sendai,Kanto,JP,2024-06-01T09:00:00Z,2026-09-25T09:00:00Z
kl-p-0108,sho.ikeda107@docomo.ne.jp,+81-90-9026-5157,Sho,Ikeda,Ikeda household,Private Collector,Fukuoka,Kanto,JP,2024-06-01T09:00:00Z,2026-09-25T09:00:00Z
kl-p-0109,yui.suzuki108@docomo.ne.jp,+81-90-7723-5615,Yui,Suzuki,Suzuki household,Private Collector,Nagoya,Kanto,JP,2024-06-01T09:00:00Z,2026-09-25T09:00:00Z
kl-p-0110,yuki.abe109@docomo.ne.jp,+81-90-2848-6814,Yuki,Abe,Abe household,Private Collector,Sendai,Kanto,JP,2024-06-01T09:00:00Z,2026-09-25T09:00:00Z
kl-p-0111,ryo.kimura110@gmail.com,+81-90-8011-1668,Ryo,Kimura,Kimura household,Private Collector,Sendai,Kanto,JP,2024-06-01T09:00:00Z,2026-09-25T09:00:00Z
kl-p-0112,sho.shimizu111@softbank.jp,+81-90-3970-8364,Sho,Shimizu,Shimizu household,Private Collector,Kyoto,Kansai,JP,2024-06-01T09:00:00Z,2026-09-25T09:00:00Z
kl-p-0113,akira.suzuki112@outlook.jp,+81-90-2715-4859,Akira,Suzuki,Suzuki household,Private Collector,Nara,Kanto,JP,2024-06-01T09:00:00Z,2026-09-25T09:00:00Z
kl-p-0114,yuki.sato113@gmail.com,+81-90-4570-9638,Yuki,Sato,Sato household,Private Collector,Sendai,Kanto,JP,2024-06-01T09:00:00Z,2026-09-25T09:00:00Z
kl-p-0115,haruto.sato114@kyoto-univ.jp,+81-90-9392-5468,Haruto,Sato,Sato household,Private Collector,Sapporo,Kanto,JP,2024-06-01T09:00:00Z,2026-09-25T09:00:00Z
kl-p-0116,sakura.yamada115@docomo.ne.jp,+81-90-7528-8024,Sakura,Yamada,Yamada household,Private Collector,Hiroshima,Kanto,JP,2024-06-01T09:00:00Z,2026-09-25T09:00:00Z
kl-p-0117,ryo.kimura116@softbank.jp,+81-90-5485-1663,Ryo,Kimura,Kimura household,Private Collector,Sapporo,Kanto,JP,2024-06-01T09:00:00Z,2026-09-25T09:00:00Z
kl-p-0118,emi.abe117@gmail.com,+81-90-7666-7831,Emi,Abe,Abe household,Private Collector,Kobe,Kanto,JP,2024-06-01T09:00:00Z,2026-09-25T09:00:00Z
kl-p-0119,takumi.matsumoto118@softbank.jp,+81-90-6121-9273,Takumi,Matsumoto,Matsumoto household,Private Collector,Nagoya,Kanto,JP,2024-06-01T09:00:00Z,2026-09-25T09:00:00Z
kl-p-0120,yuki.kobayashi119@softbank.jp,+81-90-7129-6692,Yuki,Kobayashi,Kobayashi household,Private Collector,Fukuoka,Kanto,JP,2024-06-01T09:00:00Z,2026-09-25T09:00:00Z
kl-p-0121,naomi.sato120@gmail.com,+81-90-2699-8766,Naomi,Sato,Sato household,Private Collector,Sapporo,Kanto,JP,2024-06-01T09:00:00Z,2026-09-25T09:00:00Z
kl-p-0122,ayaka.ikeda121@docomo.ne.jp,+81-90-2597-4037,Ayaka,Ikeda,Ikeda household,Private Collector,Hiroshima,Kanto,JP,2024-06-01T09:00:00Z,2026-09-25T09:00:00Z
kl-p-0123,sota.yamada122@gmail.com,+81-90-9794-8207,Sota,Yamada,Yamada household,Private Collector,Fukuoka,Kanto,JP,2024-06-01T09:00:00Z,2026-09-25T09:00:00Z
kl-p-0124,yuki.abe123@softbank.jp,+81-90-4962-2179,Yuki,Abe,Abe household,Private Collector,Sendai,Kanto,JP,2024-06-01T09:00:00Z,2026-09-25T09:00:00Z
kl-p-0125,ren.hayashi124@outlook.jp,+81-90-2237-9441,Ren,Hayashi,Hayashi household,Private Collector,Fukuoka,Kanto,JP,2024-06-01T09:00:00Z,2026-09-25T09:00:00Z
kl-p-0126,hiroshi.ikeda125@gmail.com,+81-90-7143-5071,Hiroshi,Ikeda,Ikeda household,Private Collector,Fukuoka,Kanto,JP,2024-06-01T09:00:00Z,2026-09-25T09:00:00Z
kl-p-0127,yuki.yamamoto126@kyoto-univ.jp,+81-90-9463-3507,Yuki,Yamamoto,Yamamoto household,Private Collector,Nagoya,Kanto,JP,2024-06-01T09:00:00Z,2026-09-25T09:00:00Z
kl-p-0128,daichi.inoue127@gmail.com,+81-90-5731-8733,Daichi,Inoue,Inoue household,Private Collector,Sendai,Kanto,JP,2024-06-01T09:00:00Z,2026-09-25T09:00:00Z
kl-p-0129,yuki.ito128@kyoto-univ.jp,+81-90-9326-7473,Yuki,Ito,Ito household,Private Collector,Sendai,Kanto,JP,2024-06-01T09:00:00Z,2026-09-25T09:00:00Z
kl-p-0130,sho.yamazaki129@softbank.jp,+81-90-7340-2005,Sho,Yamazaki,Yamazaki household,Private Collector,Sapporo,Kanto,JP,2024-06-01T09:00:00Z,2026-09-25T09:00:00Z
kl-p-0131,ren.nakamura130@outlook.jp,+81-90-9739-9857,Ren,Nakamura,Nakamura household,Private Collector,Tokyo,Kanto,JP,2024-06-01T09:00:00Z,2026-09-25T09:00:00Z
kl-p-0132,haruto.kato131@softbank.jp,+81-90-5792-8846,Haruto,Kato,Kato household,Private Collector,Kanazawa,Kanto,JP,2024-06-01T09:00:00Z,2026-09-25T09:00:00Z
kl-p-0133,ren.suzuki132@kyoto-univ.jp,+81-90-3793-3875,Ren,Suzuki,Suzuki household,Private Collector,Sapporo,Kanto,JP,2024-06-01T09:00:00Z,2026-09-25T09:00:00Z
kl-p-0134,ren.yamazaki133@docomo.ne.jp,+81-90-2163-4511,Ren,Yamazaki,Yamazaki household,Private Collector,Fukuoka,Kanto,JP,2024-06-01T09:00:00Z,2026-09-25T09:00:00Z
kl-p-0135,kenji.kimura134@docomo.ne.jp,+81-90-4962-3511,Kenji,Kimura,Kimura household,Private Collector,Hiroshima,Kanto,JP,2024-06-01T09:00:00Z,2026-09-25T09:00:00Z
kl-p-0136,ayaka.ikeda135@docomo.ne.jp,+81-90-1062-6683,Ayaka,Ikeda,Ikeda household,Private Collector,Tokyo,Kanto,JP,2024-06-01T09:00:00Z,2026-09-25T09:00:00Z
kl-p-0137,rina.kobayashi136@outlook.jp,+81-90-1282-1356,Rina,Kobayashi,Kobayashi household,Private Collector,Nara,Kanto,JP,2024-06-01T09:00:00Z,2026-09-25T09:00:00Z
kl-p-0138,mika.inoue137@outlook.jp,+81-90-3804-7470,Mika,Inoue,Inoue household,Private Collector,Nara,Kanto,JP,2024-06-01T09:00:00Z,2026-09-25T09:00:00Z
kl-p-0139,yuki.takahashi138@gmail.com,+81-90-4329-6752,Yuki,Takahashi,Takahashi household,Private Collector,Kyoto,Kansai,JP,2024-06-01T09:00:00Z,2026-09-25T09:00:00Z
kl-p-0140,ayaka.shimizu139@kyoto-univ.jp,+81-90-3193-8307,Ayaka,Shimizu,Shimizu household,Private Collector,Osaka,Kanto,JP,2024-06-01T09:00:00Z,2026-09-25T09:00:00Z
kl-p-0141,yuki.nakamura140@gmail.com,+81-90-2423-2799,Yuki,Nakamura,Nakamura household,Private Collector,Osaka,Kanto,JP,2024-06-01T09:00:00Z,2026-09-25T09:00:00Z
kl-p-0142,yui.abe141@outlook.jp,+81-90-1256-8204,Yui,Abe,Abe household,Private Collector,Hiroshima,Kanto,JP,2024-06-01T09:00:00Z,2026-09-25T09:00:00Z
kl-p-0143,sakura.kimura142@gmail.com,+81-90-3844-7098,Sakura,Kimura,Kimura household,Private Collector,Fukuoka,Kanto,JP,2024-06-01T09:00:00Z,2026-09-25T09:00:00Z
kl-p-0144,emi.sato143@gmail.com,+81-90-5099-1854,Emi,Sato,Sato household,Private Collector,Fukuoka,Kanto,JP,2024-06-01T09:00:00Z,2026-09-25T09:00:00Z
kl-p-0145,louis.lefebvre144@gmail.com,+33-1-34-96-4644,Louis,Lefebvre,Lefebvre household,Private Collector,Strasbourg,Ile-de-France,FR,2024-06-01T09:00:00Z,2026-09-25T09:00:00Z
kl-p-0146,thomas.richard145@wanadoo.fr,+33-1-49-65-7129,Thomas,Richard,Richard household,Private Collector,Lyon,Ile-de-France,FR,2024-06-01T09:00:00Z,2026-09-25T09:00:00Z
kl-p-0147,marion.durand146@gmail.com,+33-1-42-33-9244,Marion,Durand,Durand household,Private Collector,Nice,Ile-de-France,FR,2024-06-01T09:00:00Z,2026-09-25T09:00:00Z
kl-p-0148,louis.richard147@orange.fr,+33-1-24-87-2313,Louis,Richard,Richard household,Private Collector,Paris,Ile-de-France,FR,2024-06-01T09:00:00Z,2026-09-25T09:00:00Z
kl-p-0149,thomas.durand148@wanadoo.fr,+33-1-24-31-9502,Thomas,Durand,Durand household,Private Collector,Bordeaux,Ile-de-France,FR,2024-06-01T09:00:00Z,2026-09-25T09:00:00Z
kl-p-0150,celine.martin149@wanadoo.fr,+33-1-85-38-8145,Celine,Martin,Martin household,Private Collector,Nice,Ile-de-France,FR,2024-06-01T09:00:00Z,2026-09-25T09:00:00Z
kl-p-0151,laurent.michel150@wanadoo.fr,+33-1-18-24-5389,Laurent,Michel,Michel household,Private Collector,Nantes,Ile-de-France,FR,2024-06-01T09:00:00Z,2026-09-25T09:00:00Z
kl-p-0152,julien.lefebvre151@hotmail.fr,+33-1-46-83-7937,Julien,Lefebvre,Lefebvre household,Private Collector,Bordeaux,Ile-de-France,FR,2024-06-01T09:00:00Z,2026-09-25T09:00:00Z
kl-p-0153,claire.michel152@gmail.com,+33-1-70-73-9000,Claire,Michel,Michel household,Private Collector,Paris,Ile-de-France,FR,2024-06-01T09:00:00Z,2026-09-25T09:00:00Z
kl-p-0154,julien.moreau153@hotmail.fr,+33-1-64-83-8612,Julien,Moreau,Moreau household,Private Collector,Nice,Ile-de-France,FR,2024-06-01T09:00:00Z,2026-09-25T09:00:00Z
kl-p-0155,celine.petit154@orange.fr,+33-1-75-46-2478,Celine,Petit,Petit household,Private Collector,Strasbourg,Ile-de-France,FR,2024-06-01T09:00:00Z,2026-09-25T09:00:00Z
kl-p-0156,laurent.richard155@gmail.com,+33-1-87-38-3620,Laurent,Richard,Richard household,Private Collector,Paris,Ile-de-France,FR,2024-06-01T09:00:00Z,2026-09-25T09:00:00Z
kl-p-0157,thomas.durand156@hotmail.fr,+33-1-87-39-3415,Thomas,Durand,Durand household,Private Collector,Nice,Ile-de-France,FR,2024-06-01T09:00:00Z,2026-09-25T09:00:00Z
kl-p-0158,laurent.bernard157@gmail.com,+33-1-59-62-6397,Laurent,Bernard,Bernard household,Private Collector,Bordeaux,Ile-de-France,FR,2024-06-01T09:00:00Z,2026-09-25T09:00:00Z
kl-p-0159,claire.bernard158@gmail.com,+33-1-57-28-8419,Claire,Bernard,Bernard household,Private Collector,Nantes,Ile-de-France,FR,2024-06-01T09:00:00Z,2026-09-25T09:00:00Z
kl-p-0160,laurent.richard159@wanadoo.fr,+33-1-20-98-8076,Laurent,Richard,Richard household,Private Collector,Nice,Ile-de-France,FR,2024-06-01T09:00:00Z,2026-09-25T09:00:00Z
kl-p-0161,louis.laurent160@gmail.com,+33-1-70-88-8707,Louis,Laurent,Laurent household,Private Collector,Paris,Ile-de-France,FR,2024-06-01T09:00:00Z,2026-09-25T09:00:00Z
kl-p-0162,thomas.robert161@hotmail.fr,+33-1-63-33-4287,Thomas,Robert,Robert household,Private Collector,Marseille,Ile-de-France,FR,2024-06-01T09:00:00Z,2026-09-25T09:00:00Z
kl-p-0163,nicolas.lefebvre162@wanadoo.fr,+33-1-19-57-6577,Nicolas,Lefebvre,Lefebvre household,Private Collector,Nice,Ile-de-France,FR,2024-06-01T09:00:00Z,2026-09-25T09:00:00Z
kl-p-0164,marion.petit163@gmail.com,+33-1-96-42-4825,Marion,Petit,Petit household,Private Collector,Nantes,Ile-de-France,FR,2024-06-01T09:00:00Z,2026-09-25T09:00:00Z
kl-p-0165,isabelle.durand164@hotmail.fr,+33-1-34-35-6451,Isabelle,Durand,Durand household,Private Collector,Lyon,Ile-de-France,FR,2024-06-01T09:00:00Z,2026-09-25T09:00:00Z
kl-p-0166,marion.robert165@wanadoo.fr,+33-1-79-81-4734,Marion,Robert,Robert household,Private Collector,Strasbourg,Ile-de-France,FR,2024-06-01T09:00:00Z,2026-09-25T09:00:00Z
kl-p-0167,marion.simon166@gmail.com,+33-1-31-63-5517,Marion,Simon,Simon household,Private Collector,Nantes,Ile-de-France,FR,2024-06-01T09:00:00Z,2026-09-25T09:00:00Z
kl-p-0168,nicolas.leroy167@wanadoo.fr,+33-1-84-64-4761,Nicolas,Leroy,Leroy household,Private Collector,Paris,Ile-de-France,FR,2024-06-01T09:00:00Z,2026-09-25T09:00:00Z
kl-p-0169,marion.laurent168@hotmail.fr,+33-1-56-97-5883,Marion,Laurent,Laurent household,Private Collector,Lyon,Ile-de-France,FR,2024-06-01T09:00:00Z,2026-09-25T09:00:00Z
kl-p-0170,antoine.durand169@orange.fr,+33-1-93-90-8251,Antoine,Durand,Durand household,Private Collector,Paris,Ile-de-France,FR,2024-06-01T09:00:00Z,2026-09-25T09:00:00Z
kl-p-0171,laurent.robert170@wanadoo.fr,+33-1-24-67-6116,Laurent,Robert,Robert household,Private Collector,Lyon,Ile-de-France,FR,2024-06-01T09:00:00Z,2026-09-25T09:00:00Z
kl-p-0172,marion.leroy171@hotmail.fr,+33-1-40-22-1294,Marion,Leroy,Leroy household,Private Collector,Marseille,Ile-de-France,FR,2024-06-01T09:00:00Z,2026-09-25T09:00:00Z
kl-p-0173,laurent.leroy172@orange.fr,+33-1-36-92-1261,Laurent,Leroy,Leroy household,Private Collector,Bordeaux,Ile-de-France,FR,2024-06-01T09:00:00Z,2026-09-25T09:00:00Z
kl-p-0174,louis.durand173@gmail.com,+33-1-14-80-1987,Louis,Durand,Durand household,Private Collector,Toulouse,Ile-de-France,FR,2024-06-01T09:00:00Z,2026-09-25T09:00:00Z
kl-p-0175,isabelle.durand174@hotmail.fr,+33-1-55-62-8421,Isabelle,Durand,Durand household,Private Collector,Toulouse,Ile-de-France,FR,2024-06-01T09:00:00Z,2026-09-25T09:00:00Z
kl-p-0176,marion.bernard175@hotmail.fr,+33-1-23-69-9154,Marion,Bernard,Bernard household,Private Collector,Toulouse,Ile-de-France,FR,2024-06-01T09:00:00Z,2026-09-25T09:00:00Z
kl-p-0177,isabelle.richard176@wanadoo.fr,+33-1-28-23-4128,Isabelle,Richard,Richard household,Private Collector,Lyon,Ile-de-France,FR,2024-06-01T09:00:00Z,2026-09-25T09:00:00Z
kl-p-0178,marion.dubois177@orange.fr,+33-1-33-46-7285,Marion,Dubois,Dubois household,Private Collector,Lyon,Ile-de-France,FR,2024-06-01T09:00:00Z,2026-09-25T09:00:00Z
kl-p-0179,sophie.martin178@orange.fr,+33-1-85-67-2435,Sophie,Martin,Martin household,Private Collector,Toulouse,Ile-de-France,FR,2024-06-01T09:00:00Z,2026-09-25T09:00:00Z
kl-p-0180,marion.robert179@wanadoo.fr,+33-1-20-73-3903,Marion,Robert,Robert household,Private Collector,Paris,Ile-de-France,FR,2024-06-01T09:00:00Z,2026-09-25T09:00:00Z
kl-p-0181,isabelle.dubois180@wanadoo.fr,+33-1-96-99-6035,Isabelle,Dubois,Dubois household,Private Collector,Nantes,Ile-de-France,FR,2024-06-01T09:00:00Z,2026-09-25T09:00:00Z
kl-p-0182,louis.durand181@orange.fr,+33-1-12-25-3402,Louis,Durand,Durand household,Private Collector,Toulouse,Ile-de-France,FR,2024-06-01T09:00:00Z,2026-09-25T09:00:00Z
kl-p-0183,pierre.petit182@orange.fr,+33-1-98-69-3558,Pierre,Petit,Petit household,Private Collector,Nice,Ile-de-France,FR,2024-06-01T09:00:00Z,2026-09-25T09:00:00Z
kl-p-0184,thomas.simon183@gmail.com,+33-1-47-23-8909,Thomas,Simon,Simon household,Private Collector,Lyon,Ile-de-France,FR,2024-06-01T09:00:00Z,2026-09-25T09:00:00Z
kl-p-0185,nicolas.dubois184@hotmail.fr,+33-1-34-98-3802,Nicolas,Dubois,Dubois household,Private Collector,Nantes,Ile-de-France,FR,2024-06-01T09:00:00Z,2026-09-25T09:00:00Z
kl-p-0186,marion.laurent185@hotmail.fr,+33-1-84-32-4707,Marion,Laurent,Laurent household,Private Collector,Lyon,Ile-de-France,FR,2024-06-01T09:00:00Z,2026-09-25T09:00:00Z
kl-p-0187,nicolas.simon186@hotmail.fr,+33-1-23-42-7544,Nicolas,Simon,Simon household,Private Collector,Bordeaux,Ile-de-France,FR,2024-06-01T09:00:00Z,2026-09-25T09:00:00Z
kl-p-0188,sophie.dubois187@orange.fr,+33-1-35-61-7974,Sophie,Dubois,Dubois household,Private Collector,Nantes,Ile-de-France,FR,2024-06-01T09:00:00Z,2026-09-25T09:00:00Z
kl-p-0189,julien.dubois188@hotmail.fr,+33-1-59-91-2307,Julien,Dubois,Dubois household,Private Collector,Strasbourg,Ile-de-France,FR,2024-06-01T09:00:00Z,2026-09-25T09:00:00Z
kl-p-0190,anne.moreau189@gmail.com,+33-1-66-43-8738,Anne,Moreau,Moreau household,Private Collector,Lyon,Ile-de-France,FR,2024-06-01T09:00:00Z,2026-09-25T09:00:00Z
kl-p-0191,nicolas.leroy190@wanadoo.fr,+33-1-95-63-4070,Nicolas,Leroy,Leroy household,Private Collector,Paris,Ile-de-France,FR,2024-06-01T09:00:00Z,2026-09-25T09:00:00Z
kl-p-0192,nicolas.durand191@orange.fr,+33-1-97-88-9010,Nicolas,Durand,Durand household,Private Collector,Nice,Ile-de-France,FR,2024-06-01T09:00:00Z,2026-09-25T09:00:00Z
kl-p-0193,marion.durand192@wanadoo.fr,+33-1-80-63-8739,Marion,Durand,Durand household,Private Collector,Strasbourg,Ile-de-France,FR,2024-06-01T09:00:00Z,2026-09-25T09:00:00Z
kl-p-0194,nicolas.bernard193@wanadoo.fr,+33-1-48-67-3976,Nicolas,Bernard,Bernard household,Private Collector,Nantes,Ile-de-France,FR,2024-06-01T09:00:00Z,2026-09-25T09:00:00Z
kl-p-0195,louis.leroy194@gmail.com,+33-1-75-37-5710,Louis,Leroy,Leroy household,Private Collector,Lyon,Ile-de-France,FR,2024-06-01T09:00:00Z,2026-09-25T09:00:00Z
kl-p-0196,celine.lefebvre195@wanadoo.fr,+33-1-73-36-9030,Celine,Lefebvre,Lefebvre household,Private Collector,Toulouse,Ile-de-France,FR,2024-06-01T09:00:00Z,2026-09-25T09:00:00Z
kl-p-0197,camille.durand196@orange.fr,+33-1-10-23-9135,Camille,Durand,Durand household,Private Collector,Nice,Ile-de-France,FR,2024-06-01T09:00:00Z,2026-09-25T09:00:00Z
kl-p-0198,anne.lefebvre197@orange.fr,+33-1-84-75-1217,Anne,Lefebvre,Lefebvre household,Private Collector,Toulouse,Ile-de-France,FR,2024-06-01T09:00:00Z,2026-09-25T09:00:00Z
kl-p-0199,camille.lefebvre198@orange.fr,+33-1-45-16-6890,Camille,Lefebvre,Lefebvre household,Private Collector,Nice,Ile-de-France,FR,2024-06-01T09:00:00Z,2026-09-25T09:00:00Z
kl-p-0200,claire.lefebvre199@wanadoo.fr,+33-1-35-50-1851,Claire,Lefebvre,Lefebvre household,Private Collector,Nantes,Ile-de-France,FR,2024-06-01T09:00:00Z,2026-09-25T09:00:00Z
kl-p-0201,nicolas.robert200@orange.fr,+33-1-68-56-3161,Nicolas,Robert,Robert household,Private Collector,Strasbourg,Ile-de-France,FR,2024-06-01T09:00:00Z,2026-09-25T09:00:00Z
kl-p-0202,anne.michel201@gmail.com,+33-1-98-58-5348,Anne,Michel,Michel household,Private Collector,Nice,Ile-de-France,FR,2024-06-01T09:00:00Z,2026-09-25T09:00:00Z
kl-p-0203,celine.dubois202@hotmail.fr,+33-1-18-11-3745,Celine,Dubois,Dubois household,Private Collector,Nantes,Ile-de-France,FR,2024-06-01T09:00:00Z,2026-09-25T09:00:00Z
kl-p-0204,thomas.richard203@wanadoo.fr,+33-1-50-47-4023,Thomas,Richard,Richard household,Private Collector,Strasbourg,Ile-de-France,FR,2024-06-01T09:00:00Z,2026-09-25T09:00:00Z
kl-p-0205,richard.martinez204@outlook.com,+1-259-555-1905,Richard,Martinez,Martinez household,Private Collector,Los Angeles,New York,US,2024-06-01T09:00:00Z,2026-09-25T09:00:00Z
kl-p-0206,barbara.johnson205@gmail.com,+1-949-555-8797,Barbara,Johnson,Johnson household,Private Collector,Los Angeles,New York,US,2024-06-01T09:00:00Z,2026-09-25T09:00:00Z
kl-p-0207,barbara.martinez206@aol.com,+1-611-555-4626,Barbara,Martinez,Martinez household,Private Collector,Boston,New York,US,2024-06-01T09:00:00Z,2026-09-25T09:00:00Z
kl-p-0208,michael.miller207@yahoo.com,+1-469-555-6967,Michael,Miller,Miller household,Private Collector,San Francisco,New York,US,2024-06-01T09:00:00Z,2026-09-25T09:00:00Z
kl-p-0209,david.wilson208@outlook.com,+1-329-555-3328,David,Wilson,Wilson household,Private Collector,Los Angeles,New York,US,2024-06-01T09:00:00Z,2026-09-25T09:00:00Z
kl-p-0210,mary.williams209@yahoo.com,+1-401-555-5375,Mary,Williams,Williams household,Private Collector,New York,New York,US,2024-06-01T09:00:00Z,2026-09-25T09:00:00Z
kl-p-0211,robert.garcia210@gmail.com,+1-312-555-7929,Robert,Garcia,Garcia household,Private Collector,New York,New York,US,2024-06-01T09:00:00Z,2026-09-25T09:00:00Z
kl-p-0212,susan.rodriguez211@outlook.com,+1-224-555-7630,Susan,Rodriguez,Rodriguez household,Private Collector,Portland,Oregon,US,2024-06-01T09:00:00Z,2026-09-25T09:00:00Z
kl-p-0213,linda.smith212@gmail.com,+1-687-555-4305,Linda,Smith,Smith household,Private Collector,Seattle,New York,US,2024-06-01T09:00:00Z,2026-09-25T09:00:00Z
kl-p-0214,karen.miller213@yahoo.com,+1-933-555-7973,Karen,Miller,Miller household,Private Collector,Boston,New York,US,2024-06-01T09:00:00Z,2026-09-25T09:00:00Z
kl-p-0215,william.wilson214@gmail.com,+1-265-555-9799,William,Wilson,Wilson household,Private Collector,New York,New York,US,2024-06-01T09:00:00Z,2026-09-25T09:00:00Z
kl-p-0216,elizabeth.miller215@gmail.com,+1-284-555-1677,Elizabeth,Miller,Miller household,Private Collector,Seattle,New York,US,2024-06-01T09:00:00Z,2026-09-25T09:00:00Z
kl-p-0217,linda.martinez216@aol.com,+1-570-555-3553,Linda,Martinez,Martinez household,Private Collector,Portland,Oregon,US,2024-06-01T09:00:00Z,2026-09-25T09:00:00Z
kl-p-0218,linda.williams217@aol.com,+1-332-555-5862,Linda,Williams,Williams household,Private Collector,San Francisco,New York,US,2024-06-01T09:00:00Z,2026-09-25T09:00:00Z
kl-p-0219,david.davis218@outlook.com,+1-891-555-5426,David,Davis,Davis household,Private Collector,Boston,New York,US,2024-06-01T09:00:00Z,2026-09-25T09:00:00Z
kl-p-0220,mary.jones219@aol.com,+1-943-555-5008,Mary,Jones,Jones household,Private Collector,Boston,New York,US,2024-06-01T09:00:00Z,2026-09-25T09:00:00Z
kl-p-0221,barbara.jones220@yahoo.com,+1-998-555-2734,Barbara,Jones,Jones household,Private Collector,Los Angeles,New York,US,2024-06-01T09:00:00Z,2026-09-25T09:00:00Z
kl-p-0222,mary.brown221@outlook.com,+1-420-555-1918,Mary,Brown,Brown household,Private Collector,New York,New York,US,2024-06-01T09:00:00Z,2026-09-25T09:00:00Z
kl-p-0223,david.anderson222@outlook.com,+1-215-555-3787,David,Anderson,Anderson household,Private Collector,Portland,Oregon,US,2024-06-01T09:00:00Z,2026-09-25T09:00:00Z
kl-p-0224,elizabeth.williams223@outlook.com,+1-568-555-3035,Elizabeth,Williams,Williams household,Private Collector,Chicago,New York,US,2024-06-01T09:00:00Z,2026-09-25T09:00:00Z
kl-p-0225,barbara.rodriguez224@yahoo.com,+1-211-555-1692,Barbara,Rodriguez,Rodriguez household,Private Collector,Los Angeles,New York,US,2024-06-01T09:00:00Z,2026-09-25T09:00:00Z
kl-p-0226,elizabeth.garcia225@gmail.com,+1-964-555-4583,Elizabeth,Garcia,Garcia household,Private Collector,Portland,Oregon,US,2024-06-01T09:00:00Z,2026-09-25T09:00:00Z
kl-p-0227,karen.rodriguez226@gmail.com,+1-750-555-2762,Karen,Rodriguez,Rodriguez household,Private Collector,Seattle,New York,US,2024-06-01T09:00:00Z,2026-09-25T09:00:00Z
kl-p-0228,david.williams227@gmail.com,+1-245-555-5837,David,Williams,Williams household,Private Collector,Los Angeles,New York,US,2024-06-01T09:00:00Z,2026-09-25T09:00:00Z
kl-p-0229,joseph.johnson228@gmail.com,+1-934-555-9539,Joseph,Johnson,Johnson household,Private Collector,Seattle,New York,US,2024-06-01T09:00:00Z,2026-09-25T09:00:00Z
kl-p-0230,mary.williams229@yahoo.com,+1-270-555-9991,Mary,Williams,Williams household,Private Collector,Boston,New York,US,2024-06-01T09:00:00Z,2026-09-25T09:00:00Z
kl-p-0231,robert.garcia230@outlook.com,+1-511-555-1551,Robert,Garcia,Garcia household,Private Collector,New York,New York,US,2024-06-01T09:00:00Z,2026-09-25T09:00:00Z
kl-p-0232,joseph.brown231@yahoo.com,+1-953-555-4376,Joseph,Brown,Brown household,Private Collector,San Francisco,New York,US,2024-06-01T09:00:00Z,2026-09-25T09:00:00Z
kl-p-0233,jessica.anderson232@aol.com,+1-729-555-3212,Jessica,Anderson,Anderson household,Private Collector,Seattle,New York,US,2024-06-01T09:00:00Z,2026-09-25T09:00:00Z
kl-p-0234,mary.brown233@yahoo.com,+1-491-555-9935,Mary,Brown,Brown household,Private Collector,Chicago,New York,US,2024-06-01T09:00:00Z,2026-09-25T09:00:00Z
kl-p-0235,james.smith234@gmail.com,+1-213-555-6357,James,Smith,Smith household,Private Collector,Seattle,New York,US,2024-06-01T09:00:00Z,2026-09-25T09:00:00Z
kl-p-0236,barbara.wilson235@aol.com,+1-375-555-1794,Barbara,Wilson,Wilson household,Private Collector,Chicago,New York,US,2024-06-01T09:00:00Z,2026-09-25T09:00:00Z
kl-p-0237,david.martinez236@yahoo.com,+1-990-555-5775,David,Martinez,Martinez household,Private Collector,Chicago,New York,US,2024-06-01T09:00:00Z,2026-09-25T09:00:00Z
kl-p-0238,elizabeth.anderson237@gmail.com,+1-797-555-6720,Elizabeth,Anderson,Anderson household,Private Collector,Portland,Oregon,US,2024-06-01T09:00:00Z,2026-09-25T09:00:00Z
kl-p-0239,linda.brown238@aol.com,+1-624-555-9272,Linda,Brown,Brown household,Private Collector,Los Angeles,New York,US,2024-06-01T09:00:00Z,2026-09-25T09:00:00Z
kl-p-0240,barbara.davis239@outlook.com,+1-421-555-5782,Barbara,Davis,Davis household,Private Collector,Chicago,New York,US,2024-06-01T09:00:00Z,2026-09-25T09:00:00Z
